Time,Velocity,km_Remaining,Lat,Long,Altd_m,SOC,SOC_Wh,Array_Power_W,Irradiance_W,Power_Usage_W
20-Sep-2015 00:00:00,0,115.43110140608,-27.39775,151.56172,379.559760684472,78,3657.1392,0,-0,0
20-Sep-2015 00:01:00,0,115.43110140608,-27.39775,151.56172,379.559760684472,78,3657.1392,0,-0,0
20-Sep-2015 00:02:00,0,115.43110140608,-27.39775,151.56172,379.559760684472,78,3657.1392,0,-0,0
20-Sep-2015 00:03:00,0,115.43110140608,-27.39775,151.56172,379.559760684472,78,3657.1392,0,-0,0
20-Sep-2015 00:04:00,0,115.43110140608,-27.39775,151.56172,379.559760684472,78,3657.1392,0,-0,0
20-Sep-2015 00:05:00,0,115.43110140608,-27.39775,151.56172,379.559760684472,78,3657.1392,0,-0,0
20-Sep-2015 00:06:00,0,115.43110140608,-27.39775,151.56172,379.559760684472,78,3657.1392,0,-0,0
20-Sep-2015 00:07:00,0,115.43110140608,-27.39775,151.56172,379.559760684472,78,3657.1392,0,-0,0
20-Sep-2015 00:08:00,0,115.43110140608,-27.39775,151.56172,379.559760684472,78,3657.1392,0,-0,0
20-Sep-2015 00:09:00,0,115.43110140608,-27.39775,151.56172,379.559760684472,78,3657.1392,0,-0,0
20-Sep-2015 00:10:00,0,115.43110140608,-27.39775,151.56172,379.559760684472,78,3657.1392,0,-0,0
20-Sep-2015 00:11:00,0,115.43110140608,-27.39775,151.56172,379.559760684472,78,3657.1392,0,-0,0
20-Sep-2015 00:12:00,0,115.43110140608,-27.39775,151.56172,379.559760684472,78,3657.1392,0,-0,0
20-Sep-2015 00:13:00,0,115.43110140608,-27.39775,151.56172,379.559760684472,78,3657.1392,0,-0,0
20-Sep-2015 00:14:00,0,115.43110140608,-27.39775,151.56172,379.559760684472,78,3657.1392,0,-0,0
20-Sep-2015 00:15:00,0,115.43110140608,-27.39775,151.56172,379.559760684472,78,3657.1392,0,-0,0
20-Sep-2015 00:16:00,0,115.43110140608,-27.39775,151.56172,379.559760684472,78,3657.1392,0,-0,0
20-Sep-2015 00:17:00,0,115.43110140608,-27.39775,151.56172,379.559760684472,78,3657.1392,0,-0,0
20-Sep-2015 00:18:00,0,115.43110140608,-27.39775,151.56172,379.559760684472,78,3657.1392,0,-0,0
20-Sep-2015 00:19:00,0,115.43110140608,-27.39775,151.56172,379.559760684472,78,3657.1392,0,-0,0
20-Sep-2015 00:20:00,0,115.43110140608,-27.39775,151.56172,379.559760684472,78,3657.1392,0,-0,0
20-Sep-2015 00:21:00,0,115.43110140608,-27.39775,151.56172,379.559760684472,78,3657.1392,0,-0,0
20-Sep-2015 00:22:00,0,115.43110140608,-27.39775,151.56172,379.559760684472,78,3657.1392,0,-0,0
20-Sep-2015 00:23:00,0,115.43110140608,-27.39775,151.56172,379.559760684472,78,3657.1392,0,-0,0
20-Sep-2015 00:24:00,0,115.43110140608,-27.39775,151.56172,379.559760684472,78,3657.1392,0,-0,0
20-Sep-2015 00:25:00,0,115.43110140608,-27.39775,151.56172,379.559760684472,78,3657.1392,0,-0,0
20-Sep-2015 00:26:00,0,115.43110140608,-27.39775,151.56172,379.559760684472,78,3657.1392,0,-0,0
20-Sep-2015 00:27:00,0,115.43110140608,-27.39775,151.56172,379.559760684472,78,3657.1392,0,-0,0
20-Sep-2015 00:28:00,0,115.43110140608,-27.39775,151.56172,379.559760684472,78,3657.1392,0,-0,0
20-Sep-2015 00:29:00,0,115.43110140608,-27.39775,151.56172,379.559760684472,78,3657.1392,0,-0,0
20-Sep-2015 00:30:00,0,115.43110140608,-27.39775,151.56172,379.559760684472,78,3657.1392,0,-0,0
20-Sep-2015 00:31:00,0,115.43110140608,-27.39775,151.56172,379.559760684472,78,3657.1392,0,-0,0
20-Sep-2015 00:32:00,0,115.43110140608,-27.39775,151.56172,379.559760684472,78,3657.1392,0,-0,0
20-Sep-2015 00:33:00,0,115.43110140608,-27.39775,151.56172,379.559760684472,78,3657.1392,0,-0,0
20-Sep-2015 00:34:00,0,115.43110140608,-27.39775,151.56172,379.559760684472,78,3657.1392,0,-0,0
20-Sep-2015 00:35:00,0,115.43110140608,-27.39775,151.56172,379.559760684472,78,3657.1392,0,-0,0
20-Sep-2015 00:36:00,0,115.43110140608,-27.39775,151.56172,379.559760684472,78,3657.1392,0,-0,0
20-Sep-2015 00:37:00,0,115.43110140608,-27.39775,151.56172,379.559760684472,78,3657.1392,0,-0,0
20-Sep-2015 00:38:00,0,115.43110140608,-27.39775,151.56172,379.559760684472,78,3657.1392,0,-0,0
20-Sep-2015 00:39:00,0,115.43110140608,-27.39775,151.56172,379.559760684472,78,3657.1392,0,-0,0
20-Sep-2015 00:40:00,0,115.43110140608,-27.39775,151.56172,379.559760684472,78,3657.1392,0,-0,0
20-Sep-2015 00:41:00,0,115.43110140608,-27.39775,151.56172,379.559760684472,78,3657.1392,0,-0,0
20-Sep-2015 00:42:00,0,115.43110140608,-27.39775,151.56172,379.559760684472,78,3657.1392,0,-0,0
20-Sep-2015 00:43:00,0,115.43110140608,-27.39775,151.56172,379.559760684472,78,3657.1392,0,-0,0
20-Sep-2015 00:44:00,0,115.43110140608,-27.39775,151.56172,379.559760684472,78,3657.1392,0,-0,0
20-Sep-2015 00:45:00,0,115.43110140608,-27.39775,151.56172,379.559760684472,78,3657.1392,0,-0,0
20-Sep-2015 00:46:00,0,115.43110140608,-27.39775,151.56172,379.559760684472,78,3657.1392,0,-0,0
20-Sep-2015 00:47:00,0,115.43110140608,-27.39775,151.56172,379.559760684472,78,3657.1392,0,-0,0
20-Sep-2015 00:48:00,0,115.43110140608,-27.39775,151.56172,379.559760684472,78,3657.1392,0,-0,0
20-Sep-2015 00:49:00,0,115.43110140608,-27.39775,151.56172,379.559760684472,78,3657.1392,0,-0,0
20-Sep-2015 00:50:00,0,115.43110140608,-27.39775,151.56172,379.559760684472,78,3657.1392,0,-0,0
20-Sep-2015 00:51:00,0,115.43110140608,-27.39775,151.56172,379.559760684472,78,3657.1392,0,-0,0
20-Sep-2015 00:52:00,0,115.43110140608,-27.39775,151.56172,379.559760684472,78,3657.1392,0,-0,0
20-Sep-2015 00:53:00,0,115.43110140608,-27.39775,151.56172,379.559760684472,78,3657.1392,0,-0,0
20-Sep-2015 00:54:00,0,115.43110140608,-27.39775,151.56172,379.559760684472,78,3657.1392,0,-0,0
20-Sep-2015 00:55:00,0,115.43110140608,-27.39775,151.56172,379.559760684472,78,3657.1392,0,-0,0
20-Sep-2015 00:56:00,0,115.43110140608,-27.39775,151.56172,379.559760684472,78,3657.1392,0,-0,0
20-Sep-2015 00:57:00,0,115.43110140608,-27.39775,151.56172,379.559760684472,78,3657.1392,0,-0,0
20-Sep-2015 00:58:00,0,115.43110140608,-27.39775,151.56172,379.559760684472,78,3657.1392,0,-0,0
20-Sep-2015 00:59:00,0,115.43110140608,-27.39775,151.56172,379.559760684472,78,3657.1392,0,-0,0
20-Sep-2015 01:00:00,0,115.43110140608,-27.39775,151.56172,379.559760684472,78,3657.1392,0,-0,0
20-Sep-2015 01:01:00,0,115.43110140608,-27.39775,151.56172,379.559760684472,78,3657.1392,0,-0,0
20-Sep-2015 01:02:00,0,115.43110140608,-27.39775,151.56172,379.559760684472,78,3657.1392,0,-0,0
20-Sep-2015 01:03:00,0,115.43110140608,-27.39775,151.56172,379.559760684472,78,3657.1392,0,-0,0
20-Sep-2015 01:04:00,0,115.43110140608,-27.39775,151.56172,379.559760684472,78,3657.1392,0,-0,0
20-Sep-2015 01:05:00,0,115.43110140608,-27.39775,151.56172,379.559760684472,78,3657.1392,0,-0,0
20-Sep-2015 01:06:00,0,115.43110140608,-27.39775,151.56172,379.559760684472,78,3657.1392,0,-0,0
20-Sep-2015 01:07:00,0,115.43110140608,-27.39775,151.56172,379.559760684472,78,3657.1392,0,-0,0
20-Sep-2015 01:08:00,0,115.43110140608,-27.39775,151.56172,379.559760684472,78,3657.1392,0,-0,0
20-Sep-2015 01:09:00,0,115.43110140608,-27.39775,151.56172,379.559760684472,78,3657.1392,0,-0,0
20-Sep-2015 01:10:00,0,115.43110140608,-27.39775,151.56172,379.559760684472,78,3657.1392,0,-0,0
20-Sep-2015 01:11:00,0,115.43110140608,-27.39775,151.56172,379.559760684472,78,3657.1392,0,-0,0
20-Sep-2015 01:12:00,0,115.43110140608,-27.39775,151.56172,379.559760684472,78,3657.1392,0,-0,0
20-Sep-2015 01:13:00,0,115.43110140608,-27.39775,151.56172,379.559760684472,78,3657.1392,0,-0,0
20-Sep-2015 01:14:00,0,115.43110140608,-27.39775,151.56172,379.559760684472,78,3657.1392,0,-0,0
20-Sep-2015 01:15:00,0,115.43110140608,-27.39775,151.56172,379.559760684472,78,3657.1392,0,-0,0
20-Sep-2015 01:16:00,0,115.43110140608,-27.39775,151.56172,379.559760684472,78,3657.1392,0,-0,0
20-Sep-2015 01:17:00,0,115.43110140608,-27.39775,151.56172,379.559760684472,78,3657.1392,0,-0,0
20-Sep-2015 01:18:00,0,115.43110140608,-27.39775,151.56172,379.559760684472,78,3657.1392,0,-0,0
20-Sep-2015 01:19:00,0,115.43110140608,-27.39775,151.56172,379.559760684472,78,3657.1392,0,-0,0
20-Sep-2015 01:20:00,0,115.43110140608,-27.39775,151.56172,379.559760684472,78,3657.1392,0,-0,0
20-Sep-2015 01:21:00,0,115.43110140608,-27.39775,151.56172,379.559760684472,78,3657.1392,0,-0,0
20-Sep-2015 01:22:00,0,115.43110140608,-27.39775,151.56172,379.559760684472,78,3657.1392,0,-0,0
20-Sep-2015 01:23:00,0,115.43110140608,-27.39775,151.56172,379.559760684472,78,3657.1392,0,-0,0
20-Sep-2015 01:24:00,0,115.43110140608,-27.39775,151.56172,379.559760684472,78,3657.1392,0,-0,0
20-Sep-2015 01:25:00,0,115.43110140608,-27.39775,151.56172,379.559760684472,78,3657.1392,0,-0,0
20-Sep-2015 01:26:00,0,115.43110140608,-27.39775,151.56172,379.559760684472,78,3657.1392,0,-0,0
20-Sep-2015 01:27:00,0,115.43110140608,-27.39775,151.56172,379.559760684472,78,3657.1392,0,-0,0
20-Sep-2015 01:28:00,0,115.43110140608,-27.39775,151.56172,379.559760684472,78,3657.1392,0,-0,0
20-Sep-2015 01:29:00,0,115.43110140608,-27.39775,151.56172,379.559760684472,78,3657.1392,0,-0,0
20-Sep-2015 01:30:00,0,115.43110140608,-27.39775,151.56172,379.559760684472,78,3657.1392,0,-0,0
20-Sep-2015 01:31:00,0,115.43110140608,-27.39775,151.56172,379.559760684472,78,3657.1392,0,-0,0
20-Sep-2015 01:32:00,0,115.43110140608,-27.39775,151.56172,379.559760684472,78,3657.1392,0,-0,0
20-Sep-2015 01:33:00,0,115.43110140608,-27.39775,151.56172,379.559760684472,78,3657.1392,0,-0,0
20-Sep-2015 01:34:00,0,115.43110140608,-27.39775,151.56172,379.559760684472,78,3657.1392,0,-0,0
20-Sep-2015 01:35:00,0,115.43110140608,-27.39775,151.56172,379.559760684472,78,3657.1392,0,-0,0
20-Sep-2015 01:36:00,0,115.43110140608,-27.39775,151.56172,379.559760684472,78,3657.1392,0,-0,0
20-Sep-2015 01:37:00,0,115.43110140608,-27.39775,151.56172,379.559760684472,78,3657.1392,0,-0,0
20-Sep-2015 01:38:00,0,115.43110140608,-27.39775,151.56172,379.559760684472,78,3657.1392,0,-0,0
20-Sep-2015 01:39:00,0,115.43110140608,-27.39775,151.56172,379.559760684472,78,3657.1392,0,-0,0
20-Sep-2015 01:40:00,0,115.43110140608,-27.39775,151.56172,379.559760684472,78,3657.1392,0,-0,0
20-Sep-2015 01:41:00,0,115.43110140608,-27.39775,151.56172,379.559760684472,78,3657.1392,0,-0,0
20-Sep-2015 01:42:00,0,115.43110140608,-27.39775,151.56172,379.559760684472,78,3657.1392,0,-0,0
20-Sep-2015 01:43:00,0,115.43110140608,-27.39775,151.56172,379.559760684472,78,3657.1392,0,-0,0
20-Sep-2015 01:44:00,0,115.43110140608,-27.39775,151.56172,379.559760684472,78,3657.1392,0,-0,0
20-Sep-2015 01:45:00,0,115.43110140608,-27.39775,151.56172,379.559760684472,78,3657.1392,0,-0,0
20-Sep-2015 01:46:00,0,115.43110140608,-27.39775,151.56172,379.559760684472,78,3657.1392,0,-0,0
20-Sep-2015 01:47:00,0,115.43110140608,-27.39775,151.56172,379.559760684472,78,3657.1392,0,-0,0
20-Sep-2015 01:48:00,0,115.43110140608,-27.39775,151.56172,379.559760684472,78,3657.1392,0,-0,0
20-Sep-2015 01:49:00,0,115.43110140608,-27.39775,151.56172,379.559760684472,78,3657.1392,0,-0,0
20-Sep-2015 01:50:00,0,115.43110140608,-27.39775,151.56172,379.559760684472,78,3657.1392,0,-0,0
20-Sep-2015 01:51:00,0,115.43110140608,-27.39775,151.56172,379.559760684472,78,3657.1392,0,-0,0
20-Sep-2015 01:52:00,0,115.43110140608,-27.39775,151.56172,379.559760684472,78,3657.1392,0,-0,0
20-Sep-2015 01:53:00,0,115.43110140608,-27.39775,151.56172,379.559760684472,78,3657.1392,0,-0,0
20-Sep-2015 01:54:00,0,115.43110140608,-27.39775,151.56172,379.559760684472,78,3657.1392,0,-0,0
20-Sep-2015 01:55:00,0,115.43110140608,-27.39775,151.56172,379.559760684472,78,3657.1392,0,-0,0
20-Sep-2015 01:56:00,0,115.43110140608,-27.39775,151.56172,379.559760684472,78,3657.1392,0,-0,0
20-Sep-2015 01:57:00,0,115.43110140608,-27.39775,151.56172,379.559760684472,78,3657.1392,0,-0,0
20-Sep-2015 01:58:00,0,115.43110140608,-27.39775,151.56172,379.559760684472,78,3657.1392,0,-0,0
20-Sep-2015 01:59:00,0,115.43110140608,-27.39775,151.56172,379.559760684472,78,3657.1392,0,-0,0
20-Sep-2015 02:00:00,0,115.43110140608,-27.39775,151.56172,379.559760684472,78,3657.1392,0,-0,0
20-Sep-2015 02:01:00,0,115.43110140608,-27.39775,151.56172,379.559760684472,78,3657.1392,0,-0,0
20-Sep-2015 02:02:00,0,115.43110140608,-27.39775,151.56172,379.559760684472,78,3657.1392,0,-0,0
20-Sep-2015 02:03:00,0,115.43110140608,-27.39775,151.56172,379.559760684472,78,3657.1392,0,-0,0
20-Sep-2015 02:04:00,0,115.43110140608,-27.39775,151.56172,379.559760684472,78,3657.1392,0,-0,0
20-Sep-2015 02:05:00,0,115.43110140608,-27.39775,151.56172,379.559760684472,78,3657.1392,0,-0,0
20-Sep-2015 02:06:00,0,115.43110140608,-27.39775,151.56172,379.559760684472,78,3657.1392,0,-0,0
20-Sep-2015 02:07:00,0,115.43110140608,-27.39775,151.56172,379.559760684472,78,3657.1392,0,-0,0
20-Sep-2015 02:08:00,0,115.43110140608,-27.39775,151.56172,379.559760684472,78,3657.1392,0,-0,0
20-Sep-2015 02:09:00,0,115.43110140608,-27.39775,151.56172,379.559760684472,78,3657.1392,0,-0,0
20-Sep-2015 02:10:00,0,115.43110140608,-27.39775,151.56172,379.559760684472,78,3657.1392,0,-0,0
20-Sep-2015 02:11:00,0,115.43110140608,-27.39775,151.56172,379.559760684472,78,3657.1392,0,-0,0
20-Sep-2015 02:12:00,0,115.43110140608,-27.39775,151.56172,379.559760684472,78,3657.1392,0,-0,0
20-Sep-2015 02:13:00,0,115.43110140608,-27.39775,151.56172,379.559760684472,78,3657.1392,0,-0,0
20-Sep-2015 02:14:00,0,115.43110140608,-27.39775,151.56172,379.559760684472,78,3657.1392,0,-0,0
20-Sep-2015 02:15:00,0,115.43110140608,-27.39775,151.56172,379.559760684472,78,3657.1392,0,-0,0
20-Sep-2015 02:16:00,0,115.43110140608,-27.39775,151.56172,379.559760684472,78,3657.1392,0,-0,0
20-Sep-2015 02:17:00,0,115.43110140608,-27.39775,151.56172,379.559760684472,78,3657.1392,0,-0,0
20-Sep-2015 02:18:00,0,115.43110140608,-27.39775,151.56172,379.559760684472,78,3657.1392,0,-0,0
20-Sep-2015 02:19:00,0,115.43110140608,-27.39775,151.56172,379.559760684472,78,3657.1392,0,-0,0
20-Sep-2015 02:20:00,0,115.43110140608,-27.39775,151.56172,379.559760684472,78,3657.1392,0,-0,0
20-Sep-2015 02:21:00,0,115.43110140608,-27.39775,151.56172,379.559760684472,78,3657.1392,0,-0,0
20-Sep-2015 02:22:00,0,115.43110140608,-27.39775,151.56172,379.559760684472,78,3657.1392,0,-0,0
20-Sep-2015 02:23:00,0,115.43110140608,-27.39775,151.56172,379.559760684472,78,3657.1392,0,-0,0
20-Sep-2015 02:24:00,0,115.43110140608,-27.39775,151.56172,379.559760684472,78,3657.1392,0,-0,0
20-Sep-2015 02:25:00,0,115.43110140608,-27.39775,151.56172,379.559760684472,78,3657.1392,0,-0,0
20-Sep-2015 02:26:00,0,115.43110140608,-27.39775,151.56172,379.559760684472,78,3657.1392,0,-0,0
20-Sep-2015 02:27:00,0,115.43110140608,-27.39775,151.56172,379.559760684472,78,3657.1392,0,-0,0
20-Sep-2015 02:28:00,0,115.43110140608,-27.39775,151.56172,379.559760684472,78,3657.1392,0,-0,0
20-Sep-2015 02:29:00,0,115.43110140608,-27.39775,151.56172,379.559760684472,78,3657.1392,0,-0,0
20-Sep-2015 02:30:00,0,115.43110140608,-27.39775,151.56172,379.559760684472,78,3657.1392,0,-0,0
20-Sep-2015 02:31:00,0,115.43110140608,-27.39775,151.56172,379.559760684472,78,3657.1392,0,-0,0
20-Sep-2015 02:32:00,0,115.43110140608,-27.39775,151.56172,379.559760684472,78,3657.1392,0,-0,0
20-Sep-2015 02:33:00,0,115.43110140608,-27.39775,151.56172,379.559760684472,78,3657.1392,0,-0,0
20-Sep-2015 02:34:00,0,115.43110140608,-27.39775,151.56172,379.559760684472,78,3657.1392,0,-0,0
20-Sep-2015 02:35:00,0,115.43110140608,-27.39775,151.56172,379.559760684472,78,3657.1392,0,-0,0
20-Sep-2015 02:36:00,0,115.43110140608,-27.39775,151.56172,379.559760684472,78,3657.1392,0,-0,0
20-Sep-2015 02:37:00,0,115.43110140608,-27.39775,151.56172,379.559760684472,78,3657.1392,0,-0,0
20-Sep-2015 02:38:00,0,115.43110140608,-27.39775,151.56172,379.559760684472,78,3657.1392,0,-0,0
20-Sep-2015 02:39:00,0,115.43110140608,-27.39775,151.56172,379.559760684472,78,3657.1392,0,-0,0
20-Sep-2015 02:40:00,0,115.43110140608,-27.39775,151.56172,379.559760684472,78,3657.1392,0,-0,0
20-Sep-2015 02:41:00,0,115.43110140608,-27.39775,151.56172,379.559760684472,78,3657.1392,0,-0,0
20-Sep-2015 02:42:00,0,115.43110140608,-27.39775,151.56172,379.559760684472,78,3657.1392,0,-0,0
20-Sep-2015 02:43:00,0,115.43110140608,-27.39775,151.56172,379.559760684472,78,3657.1392,0,-0,0
20-Sep-2015 02:44:00,0,115.43110140608,-27.39775,151.56172,379.559760684472,78,3657.1392,0,-0,0
20-Sep-2015 02:45:00,0,115.43110140608,-27.39775,151.56172,379.559760684472,78,3657.1392,0,-0,0
20-Sep-2015 02:46:00,0,115.43110140608,-27.39775,151.56172,379.559760684472,78,3657.1392,0,-0,0
20-Sep-2015 02:47:00,0,115.43110140608,-27.39775,151.56172,379.559760684472,78,3657.1392,0,-0,0
20-Sep-2015 02:48:00,0,115.43110140608,-27.39775,151.56172,379.559760684472,78,3657.1392,0,-0,0
20-Sep-2015 02:49:00,0,115.43110140608,-27.39775,151.56172,379.559760684472,78,3657.1392,0,-0,0
20-Sep-2015 02:50:00,0,115.43110140608,-27.39775,151.56172,379.559760684472,78,3657.1392,0,-0,0
20-Sep-2015 02:51:00,0,115.43110140608,-27.39775,151.56172,379.559760684472,78,3657.1392,0,-0,0
20-Sep-2015 02:52:00,0,115.43110140608,-27.39775,151.56172,379.559760684472,78,3657.1392,0,-0,0
20-Sep-2015 02:53:00,0,115.43110140608,-27.39775,151.56172,379.559760684472,78,3657.1392,0,-0,0
20-Sep-2015 02:54:00,0,115.43110140608,-27.39775,151.56172,379.559760684472,78,3657.1392,0,-0,0
20-Sep-2015 02:55:00,0,115.43110140608,-27.39775,151.56172,379.559760684472,78,3657.1392,0,-0,0
20-Sep-2015 02:56:00,0,115.43110140608,-27.39775,151.56172,379.559760684472,78,3657.1392,0,-0,0
20-Sep-2015 02:57:00,0,115.43110140608,-27.39775,151.56172,379.559760684472,78,3657.1392,0,-0,0
20-Sep-2015 02:58:00,0,115.43110140608,-27.39775,151.56172,379.559760684472,78,3657.1392,0,-0,0
20-Sep-2015 02:59:00,0,115.43110140608,-27.39775,151.56172,379.559760684472,78,3657.1392,0,-0,0
20-Sep-2015 03:00:00,0,115.43110140608,-27.39775,151.56172,379.559760684472,78,3657.1392,0,-0,0
20-Sep-2015 03:01:00,0,115.43110140608,-27.39775,151.56172,379.559760684472,78,3657.1392,0,-0,0
20-Sep-2015 03:02:00,0,115.43110140608,-27.39775,151.56172,379.559760684472,78,3657.1392,0,-0,0
20-Sep-2015 03:03:00,0,115.43110140608,-27.39775,151.56172,379.559760684472,78,3657.1392,0,-0,0
20-Sep-2015 03:04:00,0,115.43110140608,-27.39775,151.56172,379.559760684472,78,3657.1392,0,-0,0
20-Sep-2015 03:05:00,0,115.43110140608,-27.39775,151.56172,379.559760684472,78,3657.1392,0,-0,0
20-Sep-2015 03:06:00,0,115.43110140608,-27.39775,151.56172,379.559760684472,78,3657.1392,0,-0,0
20-Sep-2015 03:07:00,0,115.43110140608,-27.39775,151.56172,379.559760684472,78,3657.1392,0,-0,0
20-Sep-2015 03:08:00,0,115.43110140608,-27.39775,151.56172,379.559760684472,78,3657.1392,0,-0,0
20-Sep-2015 03:09:00,0,115.43110140608,-27.39775,151.56172,379.559760684472,78,3657.1392,0,-0,0
20-Sep-2015 03:10:00,0,115.43110140608,-27.39775,151.56172,379.559760684472,78,3657.1392,0,-0,0
20-Sep-2015 03:11:00,0,115.43110140608,-27.39775,151.56172,379.559760684472,78,3657.1392,0,-0,0
20-Sep-2015 03:12:00,0,115.43110140608,-27.39775,151.56172,379.559760684472,78,3657.1392,0,-0,0
20-Sep-2015 03:13:00,0,115.43110140608,-27.39775,151.56172,379.559760684472,78,3657.1392,0,-0,0
20-Sep-2015 03:14:00,0,115.43110140608,-27.39775,151.56172,379.559760684472,78,3657.1392,0,-0,0
20-Sep-2015 03:15:00,0,115.43110140608,-27.39775,151.56172,379.559760684472,78,3657.1392,0,-0,0
20-Sep-2015 03:16:00,0,115.43110140608,-27.39775,151.56172,379.559760684472,78,3657.1392,0,-0,0
20-Sep-2015 03:17:00,0,115.43110140608,-27.39775,151.56172,379.559760684472,78,3657.1392,0,-0,0
20-Sep-2015 03:18:00,0,115.43110140608,-27.39775,151.56172,379.559760684472,78,3657.1392,0,-0,0
20-Sep-2015 03:19:00,0,115.43110140608,-27.39775,151.56172,379.559760684472,78,3657.1392,0,-0,0
20-Sep-2015 03:20:00,0,115.43110140608,-27.39775,151.56172,379.559760684472,78,3657.1392,0,-0,0
20-Sep-2015 03:21:00,0,115.43110140608,-27.39775,151.56172,379.559760684472,78,3657.1392,0,-0,0
20-Sep-2015 03:22:00,0,115.43110140608,-27.39775,151.56172,379.559760684472,78,3657.1392,0,-0,0
20-Sep-2015 03:23:00,0,115.43110140608,-27.39775,151.56172,379.559760684472,78,3657.1392,0,-0,0
20-Sep-2015 03:24:00,0,115.43110140608,-27.39775,151.56172,379.559760684472,78,3657.1392,0,-0,0
20-Sep-2015 03:25:00,0,115.43110140608,-27.39775,151.56172,379.559760684472,78,3657.1392,0,-0,0
20-Sep-2015 03:26:00,0,115.43110140608,-27.39775,151.56172,379.559760684472,78,3657.1392,0,-0,0
20-Sep-2015 03:27:00,0,115.43110140608,-27.39775,151.56172,379.559760684472,78,3657.1392,0,-0,0
20-Sep-2015 03:28:00,0,115.43110140608,-27.39775,151.56172,379.559760684472,78,3657.1392,0,-0,0
20-Sep-2015 03:29:00,0,115.43110140608,-27.39775,151.56172,379.559760684472,78,3657.1392,0,-0,0
20-Sep-2015 03:30:00,0,115.43110140608,-27.39775,151.56172,379.559760684472,78,3657.1392,0,-0,0
20-Sep-2015 03:31:00,0,115.43110140608,-27.39775,151.56172,379.559760684472,78,3657.1392,0,-0,0
20-Sep-2015 03:32:00,0,115.43110140608,-27.39775,151.56172,379.559760684472,78,3657.1392,0,-0,0
20-Sep-2015 03:33:00,0,115.43110140608,-27.39775,151.56172,379.559760684472,78,3657.1392,0,-0,0
20-Sep-2015 03:34:00,0,115.43110140608,-27.39775,151.56172,379.559760684472,78,3657.1392,0,-0,0
20-Sep-2015 03:35:00,0,115.43110140608,-27.39775,151.56172,379.559760684472,78,3657.1392,0,-0,0
20-Sep-2015 03:36:00,0,115.43110140608,-27.39775,151.56172,379.559760684472,78,3657.1392,0,-0,0
20-Sep-2015 03:37:00,0,115.43110140608,-27.39775,151.56172,379.559760684472,78,3657.1392,0,-0,0
20-Sep-2015 03:38:00,0,115.43110140608,-27.39775,151.56172,379.559760684472,78,3657.1392,0,-0,0
20-Sep-2015 03:39:00,0,115.43110140608,-27.39775,151.56172,379.559760684472,78,3657.1392,0,-0,0
20-Sep-2015 03:40:00,0,115.43110140608,-27.39775,151.56172,379.559760684472,78,3657.1392,0,-0,0
20-Sep-2015 03:41:00,0,115.43110140608,-27.39775,151.56172,379.559760684472,78,3657.1392,0,-0,0
20-Sep-2015 03:42:00,0,115.43110140608,-27.39775,151.56172,379.559760684472,78,3657.1392,0,-0,0
20-Sep-2015 03:43:00,0,115.43110140608,-27.39775,151.56172,379.559760684472,78,3657.1392,0,-0,0
20-Sep-2015 03:44:00,0,115.43110140608,-27.39775,151.56172,379.559760684472,78,3657.1392,0,-0,0
20-Sep-2015 03:45:00,0,115.43110140608,-27.39775,151.56172,379.559760684472,78,3657.1392,0,-0,0
20-Sep-2015 03:46:00,0,115.43110140608,-27.39775,151.56172,379.559760684472,78,3657.1392,0,-0,0
20-Sep-2015 03:47:00,0,115.43110140608,-27.39775,151.56172,379.559760684472,78,3657.1392,0,-0,0
20-Sep-2015 03:48:00,0,115.43110140608,-27.39775,151.56172,379.559760684472,78,3657.1392,0,-0,0
20-Sep-2015 03:49:00,0,115.43110140608,-27.39775,151.56172,379.559760684472,78,3657.1392,0,-0,0
20-Sep-2015 03:50:00,0,115.43110140608,-27.39775,151.56172,379.559760684472,78,3657.1392,0,-0,0
20-Sep-2015 03:51:00,0,115.43110140608,-27.39775,151.56172,379.559760684472,78,3657.1392,0,-0,0
20-Sep-2015 03:52:00,0,115.43110140608,-27.39775,151.56172,379.559760684472,78,3657.1392,0,-0,0
20-Sep-2015 03:53:00,0,115.43110140608,-27.39775,151.56172,379.559760684472,78,3657.1392,0,-0,0
20-Sep-2015 03:54:00,0,115.43110140608,-27.39775,151.56172,379.559760684472,78,3657.1392,0,-0,0
20-Sep-2015 03:55:00,0,115.43110140608,-27.39775,151.56172,379.559760684472,78,3657.1392,0,-0,0
20-Sep-2015 03:56:00,0,115.43110140608,-27.39775,151.56172,379.559760684472,78,3657.1392,0,-0,0
20-Sep-2015 03:57:00,0,115.43110140608,-27.39775,151.56172,379.559760684472,78,3657.1392,0,-0,0
20-Sep-2015 03:58:00,0,115.43110140608,-27.39775,151.56172,379.559760684472,78,3657.1392,0,-0,0
20-Sep-2015 03:59:00,0,115.43110140608,-27.39775,151.56172,379.559760684472,78,3657.1392,0,-0,0
20-Sep-2015 04:00:00,0,115.43110140608,-27.39775,151.56172,379.559760684472,78,3657.1392,0,-0,0
20-Sep-2015 04:01:00,0,115.43110140608,-27.39775,151.56172,379.559760684472,78,3657.1392,0,-0,0
20-Sep-2015 04:02:00,0,115.43110140608,-27.39775,151.56172,379.559760684472,78,3657.1392,0,-0,0
20-Sep-2015 04:03:00,0,115.43110140608,-27.39775,151.56172,379.559760684472,78,3657.1392,0,-0,0
20-Sep-2015 04:04:00,0,115.43110140608,-27.39775,151.56172,379.559760684472,78,3657.1392,0,-0,0
20-Sep-2015 04:05:00,0,115.43110140608,-27.39775,151.56172,379.559760684472,78,3657.1392,0,-0,0
20-Sep-2015 04:06:00,0,115.43110140608,-27.39775,151.56172,379.559760684472,78,3657.1392,0,-0,0
20-Sep-2015 04:07:00,0,115.43110140608,-27.39775,151.56172,379.559760684472,78,3657.1392,0,-0,0
20-Sep-2015 04:08:00,0,115.43110140608,-27.39775,151.56172,379.559760684472,78,3657.1392,0,-0,0
20-Sep-2015 04:09:00,0,115.43110140608,-27.39775,151.56172,379.559760684472,78,3657.1392,0,-0,0
20-Sep-2015 04:10:00,0,115.43110140608,-27.39775,151.56172,379.559760684472,78,3657.1392,0,-0,0
20-Sep-2015 04:11:00,0,115.43110140608,-27.39775,151.56172,379.559760684472,78,3657.1392,0,-0,0
20-Sep-2015 04:12:00,0,115.43110140608,-27.39775,151.56172,379.559760684472,78,3657.1392,0,-0,0
20-Sep-2015 04:13:00,0,115.43110140608,-27.39775,151.56172,379.559760684472,78,3657.1392,0,-0,0
20-Sep-2015 04:14:00,0,115.43110140608,-27.39775,151.56172,379.559760684472,78,3657.1392,0,-0,0
20-Sep-2015 04:15:00,0,115.43110140608,-27.39775,151.56172,379.559760684472,78,3657.1392,0,-0,0
20-Sep-2015 04:16:00,0,115.43110140608,-27.39775,151.56172,379.559760684472,78,3657.1392,0,-0,0
20-Sep-2015 04:17:00,0,115.43110140608,-27.39775,151.56172,379.559760684472,78,3657.1392,0,-0,0
20-Sep-2015 04:18:00,0,115.43110140608,-27.39775,151.56172,379.559760684472,78,3657.1392,0,-0,0
20-Sep-2015 04:19:00,0,115.43110140608,-27.39775,151.56172,379.559760684472,78,3657.1392,0,-0,0
20-Sep-2015 04:20:00,0,115.43110140608,-27.39775,151.56172,379.559760684472,78,3657.1392,0,-0,0
20-Sep-2015 04:21:00,0,115.43110140608,-27.39775,151.56172,379.559760684472,78,3657.1392,0,-0,0
20-Sep-2015 04:22:00,0,115.43110140608,-27.39775,151.56172,379.559760684472,78,3657.1392,0,-0,0
20-Sep-2015 04:23:00,0,115.43110140608,-27.39775,151.56172,379.559760684472,78,3657.1392,0,-0,0
20-Sep-2015 04:24:00,0,115.43110140608,-27.39775,151.56172,379.559760684472,78,3657.1392,0,-0,0
20-Sep-2015 04:25:00,0,115.43110140608,-27.39775,151.56172,379.559760684472,78,3657.1392,0,-0,0
20-Sep-2015 04:26:00,0,115.43110140608,-27.39775,151.56172,379.559760684472,78,3657.1392,0,-0,0
20-Sep-2015 04:27:00,0,115.43110140608,-27.39775,151.56172,379.559760684472,78,3657.1392,0,-0,0
20-Sep-2015 04:28:00,0,115.43110140608,-27.39775,151.56172,379.559760684472,78,3657.1392,0,-0,0
20-Sep-2015 04:29:00,0,115.43110140608,-27.39775,151.56172,379.559760684472,78,3657.1392,0,-0,0
20-Sep-2015 04:30:00,0,115.43110140608,-27.39775,151.56172,379.559760684472,78,3657.1392,0,-0,0
20-Sep-2015 04:31:00,0,115.43110140608,-27.39775,151.56172,379.559760684472,78,3657.1392,0,-0,0
20-Sep-2015 04:32:00,0,115.43110140608,-27.39775,151.56172,379.559760684472,78,3657.1392,0,-0,0
20-Sep-2015 04:33:00,0,115.43110140608,-27.39775,151.56172,379.559760684472,78,3657.1392,0,-0,0
20-Sep-2015 04:34:00,0,115.43110140608,-27.39775,151.56172,379.559760684472,78,3657.1392,0,-0,0
20-Sep-2015 04:35:00,0,115.43110140608,-27.39775,151.56172,379.559760684472,78,3657.1392,0,-0,0
20-Sep-2015 04:36:00,0,115.43110140608,-27.39775,151.56172,379.559760684472,78,3657.1392,0,-0,0
20-Sep-2015 04:37:00,0,115.43110140608,-27.39775,151.56172,379.559760684472,78,3657.1392,0,-0,0
20-Sep-2015 04:38:00,0,115.43110140608,-27.39775,151.56172,379.559760684472,78,3657.1392,0,-0,0
20-Sep-2015 04:39:00,0,115.43110140608,-27.39775,151.56172,379.559760684472,78,3657.1392,0,-0,0
20-Sep-2015 04:40:00,0,115.43110140608,-27.39775,151.56172,379.559760684472,78,3657.1392,0,-0,0
20-Sep-2015 04:41:00,0,115.43110140608,-27.39775,151.56172,379.559760684472,78,3657.1392,0,-0,0
20-Sep-2015 04:42:00,0,115.43110140608,-27.39775,151.56172,379.559760684472,78,3657.1392,0,-0,0
20-Sep-2015 04:43:00,0,115.43110140608,-27.39775,151.56172,379.559760684472,78,3657.1392,0,-0,0
20-Sep-2015 04:44:00,0,115.43110140608,-27.39775,151.56172,379.559760684472,78,3657.1392,0,-0,0
20-Sep-2015 04:45:00,0,115.43110140608,-27.39775,151.56172,379.559760684472,78,3657.1392,0,-0,0
20-Sep-2015 04:46:00,0,115.43110140608,-27.39775,151.56172,379.559760684472,78,3657.1392,0,-0,0
20-Sep-2015 04:47:00,0,115.43110140608,-27.39775,151.56172,379.559760684472,78,3657.1392,0,-0,0
20-Sep-2015 04:48:00,0,115.43110140608,-27.39775,151.56172,379.559760684472,78,3657.1392,0,-0,0
20-Sep-2015 04:49:00,0,115.43110140608,-27.39775,151.56172,379.559760684472,78,3657.1392,0,-0,0
20-Sep-2015 04:50:00,0,115.43110140608,-27.39775,151.56172,379.559760684472,78,3657.1392,0,-0,0
20-Sep-2015 04:51:00,0,115.43110140608,-27.39775,151.56172,379.559760684472,78,3657.1392,0,-0,0
20-Sep-2015 04:52:00,0,115.43110140608,-27.39775,151.56172,379.559760684472,78,3657.1392,0,-0,0
20-Sep-2015 04:53:00,0,115.43110140608,-27.39775,151.56172,379.559760684472,78,3657.1392,0,-0,0
20-Sep-2015 04:54:00,0,115.43110140608,-27.39775,151.56172,379.559760684472,78,3657.1392,0,-0,0
20-Sep-2015 04:55:00,0,115.43110140608,-27.39775,151.56172,379.559760684472,78,3657.1392,0,-0,0
20-Sep-2015 04:56:00,0,115.43110140608,-27.39775,151.56172,379.559760684472,78,3657.1392,0,-0,0
20-Sep-2015 04:57:00,0,115.43110140608,-27.39775,151.56172,379.559760684472,78,3657.1392,0,-0,0
20-Sep-2015 04:58:00,0,115.43110140608,-27.39775,151.56172,379.559760684472,78,3657.1392,0,-0,0
20-Sep-2015 04:59:00,0,115.43110140608,-27.39775,151.56172,379.559760684472,78,3657.1392,0,-0,0
20-Sep-2015 05:00:00,0,115.43110140608,-27.39775,151.56172,379.559760684472,78,3657.1392,0,-0,0
20-Sep-2015 05:01:00,0,115.43110140608,-27.39775,151.56172,379.559760684472,78,3657.1392,0,-0,0
20-Sep-2015 05:02:00,0,115.43110140608,-27.39775,151.56172,379.559760684472,78,3657.1392,0,-0,0
20-Sep-2015 05:03:00,0,115.43110140608,-27.39775,151.56172,379.559760684472,78,3657.1392,0,-0,0
20-Sep-2015 05:04:00,0,115.43110140608,-27.39775,151.56172,379.559760684472,78,3657.1392,0,-0,0
20-Sep-2015 05:05:00,0,115.43110140608,-27.39775,151.56172,379.559760684472,78,3657.1392,0,-0,0
20-Sep-2015 05:06:00,0,115.43110140608,-27.39775,151.56172,379.559760684472,78,3657.1392,0,-0,0
20-Sep-2015 05:07:00,0,115.43110140608,-27.39775,151.56172,379.559760684472,78,3657.1392,0,-0,0
20-Sep-2015 05:08:00,0,115.43110140608,-27.39775,151.56172,379.559760684472,78,3657.1392,0,-0,0
20-Sep-2015 05:09:00,0,115.43110140608,-27.39775,151.56172,379.559760684472,78,3657.1392,0,-0,0
20-Sep-2015 05:10:00,0,115.43110140608,-27.39775,151.56172,379.559760684472,78,3657.1392,0,-0,0
20-Sep-2015 05:11:00,0,115.43110140608,-27.39775,151.56172,379.559760684472,78,3657.1392,0,-0,0
20-Sep-2015 05:12:00,0,115.43110140608,-27.39775,151.56172,379.559760684472,78,3657.1392,0,-0,0
20-Sep-2015 05:13:00,0,115.43110140608,-27.39775,151.56172,379.559760684472,78,3657.1392,0,-0,0
20-Sep-2015 05:14:00,0,115.43110140608,-27.39775,151.56172,379.559760684472,78,3657.1392,0,-0,0
20-Sep-2015 05:15:00,0,115.43110140608,-27.39775,151.56172,379.559760684472,78,3657.1392,0,-0,0
20-Sep-2015 05:16:00,0,115.43110140608,-27.39775,151.56172,379.559760684472,78,3657.1392,0,-0,0
20-Sep-2015 05:17:00,0,115.43110140608,-27.39775,151.56172,379.559760684472,78,3657.1392,0,-0,0
20-Sep-2015 05:18:00,0,115.43110140608,-27.39775,151.56172,379.559760684472,78,3657.1392,0,-0,0
20-Sep-2015 05:19:00,0,115.43110140608,-27.39775,151.56172,379.559760684472,78,3657.1392,0,-0,0
20-Sep-2015 05:20:00,0,115.43110140608,-27.39775,151.56172,379.559760684472,78,3657.1392,0,-0,0
20-Sep-2015 05:21:00,0,115.43110140608,-27.39775,151.56172,379.559760684472,78,3657.1392,0,-0,0
20-Sep-2015 05:22:00,0,115.43110140608,-27.39775,151.56172,379.559760684472,78,3657.1392,0,-0,0
20-Sep-2015 05:23:00,0,115.43110140608,-27.39775,151.56172,379.559760684472,78,3657.1392,0,-0,0
20-Sep-2015 05:24:00,0,115.43110140608,-27.39775,151.56172,379.559760684472,78,3657.1392,0,-0,0
20-Sep-2015 05:25:00,0,115.43110140608,-27.39775,151.56172,379.559760684472,78,3657.1392,0,-0,0
20-Sep-2015 05:26:00,0,115.43110140608,-27.39775,151.56172,379.559760684472,78,3657.1392,0,-0,0
20-Sep-2015 05:27:00,0,115.43110140608,-27.39775,151.56172,379.559760684472,78,3657.1392,0,-0,0
20-Sep-2015 05:28:00,0,115.43110140608,-27.39775,151.56172,379.559760684472,78,3657.1392,0,-0,0
20-Sep-2015 05:29:00,0,115.43110140608,-27.39775,151.56172,379.559760684472,78,3657.1392,0,-0,0
20-Sep-2015 05:30:00,0,115.43110140608,-27.39775,151.56172,379.559760684472,78,3657.1392,0,-0,0
20-Sep-2015 05:31:00,0,115.43110140608,-27.39775,151.56172,379.559760684472,78,3657.1392,0,-0,0
20-Sep-2015 05:32:00,0,115.43110140608,-27.39775,151.56172,379.559760684472,78,3657.1392,0,-0,0
20-Sep-2015 05:33:00,0,115.43110140608,-27.39775,151.56172,379.559760684472,78,3657.1392,0,-0,0
20-Sep-2015 05:34:00,0,115.43110140608,-27.39775,151.56172,379.559760684472,78,3657.1392,0,-0,0
20-Sep-2015 05:35:00,0,115.43110140608,-27.39775,151.56172,379.559760684472,78,3657.1392,0,-0,0
20-Sep-2015 05:36:00,0,115.43110140608,-27.39775,151.56172,379.559760684472,78,3657.1392,0,-0,0
20-Sep-2015 05:37:00,0,115.43110140608,-27.39775,151.56172,379.559760684472,78,3657.1392,0,-0,0
20-Sep-2015 05:38:00,0,115.43110140608,-27.39775,151.56172,379.559760684472,78,3657.1392,0,-0,0
20-Sep-2015 05:39:00,0,115.43110140608,-27.39775,151.56172,379.559760684472,78,3657.1392,0,-0,0
20-Sep-2015 05:40:00,0,115.43110140608,-27.39775,151.56172,379.559760684472,78,3657.1392,0,-0,0
20-Sep-2015 05:41:00,0,115.43110140608,-27.39775,151.56172,379.559760684472,78,3657.1392,0,-0,0
20-Sep-2015 05:42:00,0,115.43110140608,-27.39775,151.56172,379.559760684472,78,3657.1392,0,-0,0
20-Sep-2015 05:43:00,0,115.43110140608,-27.39775,151.56172,379.559760684472,78,3657.1392,0,-0,0
20-Sep-2015 05:44:00,0,115.43110140608,-27.39775,151.56172,379.559760684472,78,3657.1392,0,-0,0
20-Sep-2015 05:45:00,0,115.43110140608,-27.39775,151.56172,379.559760684472,78,3657.1392,0,-0,0
20-Sep-2015 05:46:00,0,115.43110140608,-27.39775,151.56172,379.559760684472,78,3657.1392,0,-0,0
20-Sep-2015 05:47:00,0,115.43110140608,-27.39775,151.56172,379.559760684472,78,3657.1392,0,-0,0
20-Sep-2015 05:48:00,0,115.43110140608,-27.39775,151.56172,379.559760684472,78,3657.1392,0,1.04264450021231e-17,0
20-Sep-2015 05:49:00,0,115.43110140608,-27.39775,151.56172,379.559760684472,78,3657.1392,0,2.64169195053899e-06,0
20-Sep-2015 05:50:00,0,115.43110140608,-27.39775,151.56172,379.559760684472,78,3657.1392,0,0.000524572981340026,0
20-Sep-2015 05:51:00,0,115.43110140608,-27.39775,151.56172,379.559760684472,78,3657.1392,0,0.00667212688503403,0
20-Sep-2015 05:52:00,0,115.43110140608,-27.39775,151.56172,379.559760684472,78,3657.1392,0,0.0318735860301958,0
20-Sep-2015 05:53:00,0,115.43110140608,-27.39775,151.56172,379.559760684472,78,3657.1392,0,0.0944744838978989,0
20-Sep-2015 05:54:00,0,115.43110140608,-27.39775,151.56172,379.559760684472,78,3657.1392,0,0.21287026742826,0
20-Sep-2015 05:55:00,0,115.43110140608,-27.39775,151.56172,379.559760684472,78,3657.1392,0,0.402810435876223,0
20-Sep-2015 05:56:00,0,115.43110140608,-27.39775,151.56172,379.559760684472,78,3657.1392,0,0.676536104742776,0
20-Sep-2015 05:57:00,0,115.43110140608,-27.39775,151.56172,379.559760684472,78,3657.1392,0,1.04286180917076,0
20-Sep-2015 05:58:00,0,115.43110140608,-27.39775,151.56172,379.559760684472,78,3657.1392,0,1.50763347825774,0
20-Sep-2015 05:59:00,0,115.43110140608,-27.39775,151.56172,379.559760684472,78,3657.1392,0,2.07428044735339,0
20-Sep-2015 06:00:00,0,115.43110140608,-27.39775,151.56172,379.559760684472,78,3657.1392,0,2.74433654436919,0
20-Sep-2015 06:01:00,0,115.43110140608,-27.39775,151.56172,379.559760684472,78,3657.1392,0,3.51789197752229,0
20-Sep-2015 06:02:00,0,115.43110140608,-27.39775,151.56172,379.559760684472,78,3657.1392,0,4.39395987213313,0
20-Sep-2015 06:03:00,0,115.43110140608,-27.39775,151.56172,379.559760684472,78,3657.1392,0,5.37076916783205,0
20-Sep-2015 06:04:00,0,115.43110140608,-27.39775,151.56172,379.559760684472,78,3657.1392,0,6.44599285413524,0
20-Sep-2015 06:05:00,0,115.43110140608,-27.39775,151.56172,379.559760684472,78,3657.1392,0,7.61692369110115,0
20-Sep-2015 06:06:00,0,115.43110140608,-27.39775,151.56172,379.559760684472,78,3657.1392,0,8.88060808575744,0
20-Sep-2015 06:07:00,0,115.43110140608,-27.39775,151.56172,379.559760684472,78,3657.1392,0,10.2339471308688,0
20-Sep-2015 06:08:00,0,115.43110140608,-27.39775,151.56172,379.559760684472,78,3657.1392,0,11.6737721708604,0
20-Sep-2015 06:09:00,0,115.43110140608,-27.39775,151.56172,379.559760684472,78,3657.1392,0,13.1969006960826,0
20-Sep-2015 06:10:00,0,115.43110140608,-27.39775,151.56172,379.559760684472,78,3657.1392,0,14.8001782758078,0
20-Sep-2015 06:11:00,0,115.43110140608,-27.39775,151.56172,379.559760684472,78,3657.1392,0,16.4805035242051,0
20-Sep-2015 06:12:00,0,115.43110140608,-27.39775,151.56172,379.559760684472,78,3657.1392,0,18.2348551006994,0
20-Sep-2015 06:13:00,0,115.43110140608,-27.39775,151.56172,379.559760684472,78,3657.1392,0,20.0603013948698,0
20-Sep-2015 06:14:00,0,115.43110140608,-27.39775,151.56172,379.559760684472,78,3657.1392,0,21.9540104806232,0
20-Sep-2015 06:15:00,0,115.43110140608,-27.39775,151.56172,379.559760684472,78,3657.1392,0,23.9132552842398,0
20-Sep-2015 06:16:00,0,115.43110140608,-27.39775,151.56172,379.559760684472,78,3657.1392,0,25.9354159589893,0
20-Sep-2015 06:17:00,0,115.43110140608,-27.39775,151.56172,379.559760684472,78,3657.1392,0,28.0179801797097,0
20-Sep-2015 06:18:00,0,115.43110140608,-27.39775,151.56172,379.559760684472,78,3657.1392,0,30.1585419647002,0
20-Sep-2015 06:19:00,0,115.43110140608,-27.39775,151.56172,379.559760684472,78,3657.1392,0,32.354799394445,0
20-Sep-2015 06:20:00,0,115.43110140608,-27.39775,151.56172,379.559760684472,78,3657.1392,0,34.6045516017876,0
20-Sep-2015 06:21:00,0,115.43110140608,-27.39775,151.56172,379.559760684472,78,3657.1392,0,36.9056968193451,0
20-Sep-2015 06:22:00,0,115.43110140608,-27.39775,151.56172,379.559760684472,78,3657.1392,0,39.2562223229501,0
20-Sep-2015 06:23:00,0,115.43110140608,-27.39775,151.56172,379.559760684472,78,3657.1392,0,41.6542096980776,0
20-Sep-2015 06:24:00,0,115.43110140608,-27.39775,151.56172,379.559760684472,78,3657.1392,0,44.0978246009482,0
20-Sep-2015 06:25:00,0,115.43110140608,-27.39775,151.56172,379.559760684472,78,3657.1392,0,46.5853142113856,0
20-Sep-2015 06:26:00,0,115.43110140608,-27.39775,151.56172,379.559760684472,78,3657.1392,0,49.1150032202169,0
20-Sep-2015 06:27:00,0,115.43110140608,-27.39775,151.56172,379.559760684472,78,3657.1392,0,51.6852898931535,0
20-Sep-2015 06:28:00,0,115.43110140608,-27.39775,151.56172,379.559760684472,78,3657.1392,0,54.2946422970696,0
20-Sep-2015 06:29:00,0,115.43110140608,-27.39775,151.56172,379.559760684472,78,3657.1392,0,56.9415946365982,0
20-Sep-2015 06:30:00,0,115.43110140608,-27.39775,151.56172,379.559760684472,78,3657.1392,0,59.6247437708612,0
20-Sep-2015 06:31:00,0,115.43110140608,-27.39775,151.56172,379.559760684472,78,3657.1392,0,62.3427458938526,0
20-Sep-2015 06:32:00,0,115.43110140608,-27.39775,151.56172,379.559760684472,78,3657.1392,0,65.0943152099802,0
20-Sep-2015 06:33:00,0,115.43110140608,-27.39775,151.56172,379.559760684472,78,3657.1392,0,67.8782135521769,0
20-Sep-2015 06:34:00,0,115.43110140608,-27.39775,151.56172,379.559760684472,78,3657.1392,0,70.6932585971409,0
20-Sep-2015 06:35:00,0,115.43110140608,-27.39775,151.56172,379.559760684472,78,3657.1392,0,73.5383138315829,0
20-Sep-2015 06:36:00,0,115.43110140608,-27.39775,151.56172,379.559760684472,78,3657.1392,0,76.4122878616394,0
20-Sep-2015 06:37:00,0,115.43110140608,-27.39775,151.56172,379.559760684472,78,3657.1392,0,79.314132006405,0
20-Sep-2015 06:38:00,0,115.43110140608,-27.39775,151.56172,379.559760684472,78,3657.1392,0,82.2428380684211,0
20-Sep-2015 06:39:00,0,115.43110140608,-27.39775,151.56172,379.559760684472,78,3657.1392,0,85.1974361946442,0
20-Sep-2015 06:40:00,0,115.43110140608,-27.39775,151.56172,379.559760684472,78,3657.1392,0,88.1769928882754,0
20-Sep-2015 06:41:00,0,115.43110140608,-27.39775,151.56172,379.559760684472,78,3657.1392,0,91.1806091374541,0
20-Sep-2015 06:42:00,0,115.43110140608,-27.39775,151.56172,379.559760684472,78,3657.1392,0,94.2074186294722,0
20-Sep-2015 06:43:00,0,115.43110140608,-27.39775,151.56172,379.559760684472,78,3657.1392,0,97.256586093579,0
20-Sep-2015 06:44:00,0,115.43110140608,-27.39775,151.56172,379.559760684472,78,3657.1392,0,100.327307807951,0
20-Sep-2015 06:45:00,0,115.43110140608,-27.39775,151.56172,379.559760684472,78,3657.1392,0,103.418801852735,0
20-Sep-2015 06:46:00,0,115.43110140608,-27.39775,151.56172,379.559760684472,78,3657.1392,0,106.530319098593,0
20-Sep-2015 06:47:00,0,115.43110140608,-27.39775,151.56172,379.559760684472,78,3657.1392,0,109.661133651787,0
20-Sep-2015 06:48:00,0,115.43110140608,-27.39775,151.56172,379.559760684472,78,3657.1392,0,112.810543696098,0
20-Sep-2015 06:49:00,0,115.43110140608,-27.39775,151.56172,379.559760684472,78,3657.1392,0,115.977870309977,0
20-Sep-2015 06:50:00,0,115.43110140608,-27.39775,151.56172,379.559760684472,78,3657.1392,0,119.162456379872,0
20-Sep-2015 06:51:00,0,115.43110140608,-27.39775,151.56172,379.559760684472,78,3657.1392,0,122.3636655755,0
20-Sep-2015 06:52:00,0,115.43110140608,-27.39775,151.56172,379.559760684472,78,3657.1392,0,125.580881357483,0
20-Sep-2015 06:53:00,0,115.43110140608,-27.39775,151.56172,379.559760684472,78,3657.1392,0,128.813506066248,0
20-Sep-2015 06:54:00,0,115.43110140608,-27.39775,151.56172,379.559760684472,78,3657.1392,0,132.060960062344,0
20-Sep-2015 06:55:00,0,115.43110140608,-27.39775,151.56172,379.559760684472,78,3657.1392,0,135.322683077186,0
20-Sep-2015 06:56:00,0,115.43110140608,-27.39775,151.56172,379.559760684472,78,3657.1392,0,138.598124703165,0
20-Sep-2015 06:57:00,0,115.43110140608,-27.39775,151.56172,379.559760684472,78,3657.1392,0,141.886756763663,0
20-Sep-2015 06:58:00,0,115.43110140608,-27.39775,151.56172,379.559760684472,78,3657.1392,0,145.188063889382,0
20-Sep-2015 06:59:00,0,115.43110140608,-27.39775,151.56172,379.559760684472,78,3657.1392,0,148.501545054362,0
20-Sep-2015 07:00:00,0,115.43110140608,-27.39775,151.56172,379.559760684472,78,3657.1392,0,151.82671293377,0
20-Sep-2015 07:01:00,0,115.43110140608,-27.39775,151.56172,379.559760684472,78,3657.1392,0,155.163093340759,0
20-Sep-2015 07:02:00,0,115.43110140608,-27.39775,151.56172,379.559760684472,78,3657.1392,0,158.510224647963,0
20-Sep-2015 07:03:00,0,115.43110140608,-27.39775,151.56172,379.559760684472,78,3657.1392,0,161.867657269171,0
20-Sep-2015 07:04:00,0,115.43110140608,-27.39775,151.56172,379.559760684472,78,3657.1392,0,165.234953167944,0
20-Sep-2015 07:05:00,0,115.43110140608,-27.39775,151.56172,379.559760684472,78,3657.1392,0,168.611685361275,0
20-Sep-2015 07:06:00,0,115.43110140608,-27.39775,151.56172,379.559760684472,78,3657.1392,0,171.99743976712,0
20-Sep-2015 07:07:00,0,115.43110140608,-27.39775,151.56172,379.559760684472,78,3657.1392,0,175.391805670449,0
20-Sep-2015 07:08:00,0,115.43110140608,-27.39775,151.56172,379.559760684472,78,3657.1392,0,178.794388935913,0
20-Sep-2015 07:09:00,0,115.43110140608,-27.39775,151.56172,379.559760684472,78,3657.1392,0,182.204802574843,0
20-Sep-2015 07:10:00,0,115.43110140608,-27.39775,151.56172,379.559760684472,78,3657.1392,0,185.622668610294,0
20-Sep-2015 07:11:00,0,115.43110140608,-27.39775,151.56172,379.559760684472,78,3657.1392,0,189.047617756661,0
20-Sep-2015 07:12:00,0,115.43110140608,-27.39775,151.56172,379.559760684472,78,3657.1392,0,192.479289065057,0
20-Sep-2015 07:13:00,0,115.43110140608,-27.39775,151.56172,379.559760684472,78,3657.1392,0,195.917329616655,0
20-Sep-2015 07:14:00,0,115.43110140608,-27.39775,151.56172,379.559760684472,78,3657.1392,0,199.361394231102,0
20-Sep-2015 07:15:00,0,115.43110140608,-27.39775,151.56172,379.559760684472,78,3657.1392,0,202.811145157246,0
20-Sep-2015 07:16:00,0,115.43110140608,-27.39775,151.56172,379.559760684472,78,3657.1392,0,206.266251825414,0
20-Sep-2015 07:17:00,0,115.43110140608,-27.39775,151.56172,379.559760684472,78,3657.1392,0,209.726392886038,0
20-Sep-2015 07:18:00,0,115.43110140608,-27.39775,151.56172,379.559760684472,78,3657.1392,0,213.191246686164,0
20-Sep-2015 07:19:00,0,115.43110140608,-27.39775,151.56172,379.559760684472,78,3657.1392,0,216.660504963914,0
20-Sep-2015 07:20:00,0,115.43110140608,-27.39775,151.56172,379.559760684472,78,3657.1392,0,220.13386332161,0
20-Sep-2015 07:21:00,0,115.43110140608,-27.39775,151.56172,379.559760684472,78,3657.1392,0,223.6110233538,0
20-Sep-2015 07:22:00,0,115.43110140608,-27.39775,151.56172,379.559760684472,78,3657.1392,0,227.091692418196,0
20-Sep-2015 07:23:00,0,115.43110140608,-27.39775,151.56172,379.559760684472,78,3657.1392,0,230.575583448156,0
20-Sep-2015 07:24:00,0,115.43110140608,-27.39775,151.56172,379.559760684472,78,3657.1392,0,234.062414773541,0
20-Sep-2015 07:25:00,0,115.43110140608,-27.39775,151.56172,379.559760684472,78,3657.1392,0,237.551909917889,0
20-Sep-2015 07:26:00,0,115.43110140608,-27.39775,151.56172,379.559760684472,78,3657.1392,0,241.043797451621,0
20-Sep-2015 07:27:00,0,115.43110140608,-27.39775,151.56172,379.559760684472,78,3657.1392,0,244.537810804311,0
20-Sep-2015 07:28:00,0,115.43110140608,-27.39775,151.56172,379.559760684472,78,3657.1392,0,248.033688116349,0
20-Sep-2015 07:29:00,0,115.43110140608,-27.39775,151.56172,379.559760684472,78,3657.1392,0,251.531174443092,0
20-Sep-2015 07:30:00,0,115.43110140608,-27.39775,151.56172,379.559760684472,78,3657.1392,0,255.030012205058,0
20-Sep-2015 07:31:00,0,115.43110140608,-27.39775,151.56172,379.559760684472,78,3657.1392,0,258.529955146852,0
20-Sep-2015 07:32:00,0,115.43110140608,-27.39775,151.56172,379.559760684472,78,3657.1392,0,262.030758801256,0
20-Sep-2015 07:33:00,0,115.43110140608,-27.39775,151.56172,379.559760684472,78,3657.1392,0,265.532182715816,0
20-Sep-2015 07:34:00,0,115.43110140608,-27.39775,151.56172,379.559760684472,78,3657.1392,0,269.033990340493,0
20-Sep-2015 07:35:00,0,115.43110140608,-27.39775,151.56172,379.559760684472,78,3657.1392,0,272.535948887188,0
20-Sep-2015 07:36:00,0,115.43110140608,-27.39775,151.56172,379.559760684472,78,3657.1392,0,276.037829243542,0
20-Sep-2015 07:37:00,0,115.43110140608,-27.39775,151.56172,379.559760684472,78,3657.1392,0,279.539405841502,0
20-Sep-2015 07:38:00,0,115.43110140608,-27.39775,151.56172,379.559760684472,78,3657.1392,0,283.040456563495,0
20-Sep-2015 07:39:00,0,115.43110140608,-27.39775,151.56172,379.559760684472,78,3657.1392,0,286.540762652366,0
20-Sep-2015 07:40:00,0,115.43110140608,-27.39775,151.56172,379.559760684472,78,3657.1392,0,290.040110939163,0
20-Sep-2015 07:41:00,0,115.43110140608,-27.39775,151.56172,379.559760684472,78,3657.1392,0,293.538284391072,0
20-Sep-2015 07:42:00,0,115.43110140608,-27.39775,151.56172,379.559760684472,78,3657.1392,0,297.035076079984,0
20-Sep-2015 07:43:00,0,115.43110140608,-27.39775,151.56172,379.559760684472,78,3657.1392,0,300.53027972002,0
20-Sep-2015 07:44:00,0,115.43110140608,-27.39775,151.56172,379.559760684472,78,3657.1392,0,304.023691942336,0
20-Sep-2015 07:45:00,0,115.43110140608,-27.39775,151.56172,379.559760684472,78,3657.1392,0,307.515112193521,0
20-Sep-2015 07:46:00,0,115.43110140608,-27.39775,151.56172,379.559760684472,78,3657.1392,0,311.004342685982,0
20-Sep-2015 07:47:00,0,115.43110140608,-27.39775,151.56172,379.559760684472,78,3657.1392,0,314.491188302103,0
20-Sep-2015 07:48:00,0,115.43110140608,-27.39775,151.56172,379.559760684472,78,3657.1392,0,317.975456533902,0
20-Sep-2015 07:49:00,0,115.43110140608,-27.39775,151.56172,379.559760684472,78,3657.1392,0,321.456957425063,0
20-Sep-2015 07:50:00,0,115.43110140608,-27.39775,151.56172,379.559760684472,78,3657.1392,0,324.935503483029,0
20-Sep-2015 07:51:00,0,115.43110140608,-27.39775,151.56172,379.559760684472,78,3657.1392,0,328.410911971893,0
20-Sep-2015 07:52:00,0,115.43110140608,-27.39775,151.56172,379.559760684472,78,3657.1392,0,331.882995508812,0
20-Sep-2015 07:53:00,0,115.43110140608,-27.39775,151.56172,379.559760684472,78,3657.1392,0,335.351575999244,0
20-Sep-2015 07:54:00,0,115.43110140608,-27.39775,151.56172,379.559760684472,78,3657.1392,0,338.816475265714,0
20-Sep-2015 07:55:00,0,115.43110140608,-27.39775,151.56172,379.559760684472,78,3657.1392,0,342.277517302769,0
20-Sep-2015 07:56:00,0,115.43110140608,-27.39775,151.56172,379.559760684472,78,3657.1392,0,345.734528250754,0
20-Sep-2015 07:57:00,0,115.43110140608,-27.39775,151.56172,379.559760684472,78,3657.1392,0,349.187336322325,0
20-Sep-2015 07:58:00,0,115.43110140608,-27.39775,151.56172,379.559760684472,78,3657.1392,0,352.635771763832,0
20-Sep-2015 07:59:00,0,115.43110140608,-27.39775,151.56172,379.559760684472,78,3657.1392,0,356.079666818045,0
20-Sep-2015 08:00:00,0,115.43110140608,-27.39775,151.56172,379.559760684472,78,3657.1392,0,359.518855656087,0
20-Sep-2015 08:01:00,0,115.43110140608,-27.39775,151.56172,379.559760684472,78,3657.1392,0,362.953174359563,0
20-Sep-2015 08:02:00,0,115.43110140608,-27.39775,151.56172,379.559760684472,78,3657.1392,0,366.382463153691,0
20-Sep-2015 08:03:00,0,115.43110140608,-27.39775,151.56172,379.559760684472,78,3657.1392,0,369.806557180924,0
20-Sep-2015 08:04:00,0,115.43110140608,-27.39775,151.56172,379.559760684472,78,3657.1392,0,373.225300269053,0
20-Sep-2015 08:05:00,0,115.43110140608,-27.39775,151.56172,379.559760684472,78,3657.1392,0,376.638535668698,0
20-Sep-2015 08:06:00,0,115.43110140608,-27.39775,151.56172,379.559760684472,78,3657.1392,0,380.046108343443,0
20-Sep-2015 08:07:00,0,115.43110140608,-27.39775,151.56172,379.559760684472,78,3657.1392,0,383.447864911897,0
20-Sep-2015 08:08:00,0,115.43110140608,-27.39775,151.56172,379.559760684472,78,3657.1392,0,386.843653622709,0
20-Sep-2015 08:09:00,0,115.43110140608,-27.39775,151.56172,379.559760684472,78,3657.1392,0,390.233324331048,0
20-Sep-2015 08:10:00,0,115.43110140608,-27.39775,151.56172,379.559760684472,78,3657.1392,0,393.616728447269,0
20-Sep-2015 08:11:00,0,115.43110140608,-27.39775,151.56172,379.559760684472,78,3657.1392,0,396.993718915263,0
20-Sep-2015 08:12:00,0,115.43110140608,-27.39775,151.56172,379.559760684472,78,3657.1392,0,400.364150191937,0
20-Sep-2015 08:13:00,0,115.43110140608,-27.39775,151.56172,379.559760684472,78,3657.1392,0,403.727878195755,0
20-Sep-2015 08:14:00,0,115.43110140608,-27.39775,151.56172,379.559760684472,78,3657.1392,0,407.084762552912,0
20-Sep-2015 08:15:00,0,115.43110140608,-27.39775,151.56172,379.559760684472,78,3657.1392,0,410.434657547922,0
20-Sep-2015 08:16:00,0,115.43110140608,-27.39775,151.56172,379.559760684472,78,3657.1392,0,413.777425613471,0
20-Sep-2015 08:17:00,0,115.43110140608,-27.39775,151.56172,379.559760684472,78,3657.1392,0,417.112928305031,0
20-Sep-2015 08:18:00,0,115.43110140608,-27.39775,151.56172,379.559760684472,78,3657.1392,0,420.441028507705,0
20-Sep-2015 08:19:00,0,115.43110140608,-27.39775,151.56172,379.559760684472,78,3657.1392,0,423.761590437244,0
20-Sep-2015 08:20:00,0,115.43110140608,-27.39775,151.56172,379.559760684472,78,3657.1392,0,427.074479594974,0
20-Sep-2015 08:21:00,0,115.43110140608,-27.39775,151.56172,379.559760684472,78,3657.1392,0,430.379562754595,0
20-Sep-2015 08:22:00,0,115.43110140608,-27.39775,151.56172,379.559760684472,78,3657.1392,0,433.676707949694,0
20-Sep-2015 08:23:00,0,115.43110140608,-27.39775,151.56172,379.559760684472,78,3657.1392,0,436.965784430992,0
20-Sep-2015 08:24:00,0,115.43110140608,-27.39775,151.56172,379.559760684472,78,3657.1392,0,440.246662670541,0
20-Sep-2015 08:25:00,0,115.43110140608,-27.39775,151.56172,379.559760684472,78,3657.1392,0,443.519216511919,0
20-Sep-2015 08:26:00,0,115.43110140608,-27.39775,151.56172,379.559760684472,78,3657.1392,0,446.783314387988,0
20-Sep-2015 08:27:00,0,115.43110140608,-27.39775,151.56172,379.559760684472,78,3657.1392,0,450.038832478382,0
20-Sep-2015 08:28:00,0,115.43110140608,-27.39775,151.56172,379.559760684472,78,3657.1392,0,453.285645886355,0
20-Sep-2015 08:29:00,0,115.43110140608,-27.39775,151.56172,379.559760684472,78,3657.1392,0,456.523630843057,0
20-Sep-2015 08:30:00,0,115.43110140608,-27.39775,151.56172,379.559760684472,78,3657.1392,0,459.7526646691,0
20-Sep-2015 08:31:00,0,115.43110140608,-27.39775,151.56172,379.559760684472,78,3657.1392,0,462.972625767262,0
20-Sep-2015 08:32:00,0,115.43110140608,-27.39775,151.56172,379.559760684472,78,3657.1392,0,466.183393615501,0
20-Sep-2015 08:33:00,0,115.43110140608,-27.39775,151.56172,379.559760684472,78,3657.1392,0,469.384848730399,0
20-Sep-2015 08:34:00,0,115.43110140608,-27.39775,151.56172,379.559760684472,78,3657.1392,0,472.576872675996,0
20-Sep-2015 08:35:00,0,115.43110140608,-27.39775,151.56172,379.559760684472,78,3657.1392,0,475.759348028284,0
20-Sep-2015 08:36:00,0,115.43110140608,-27.39775,151.56172,379.559760684472,78,3657.1392,0,478.932160494415,0
20-Sep-2015 08:37:00,0,115.43110140608,-27.39775,151.56172,379.559760684472,78,3657.1392,0,482.09519040366,0
20-Sep-2015 08:38:00,0,115.43110140608,-27.39775,151.56172,379.559760684472,78,3657.1392,0,485.24832543935,0
20-Sep-2015 08:39:00,0,115.43110140608,-27.39775,151.56172,379.559760684472,78,3657.1392,0,488.391452132309,0
20-Sep-2015 08:40:00,0,115.43110140608,-27.39775,151.56172,379.559760684472,78,3657.1392,0,491.524457958441,0
20-Sep-2015 08:41:00,0,115.43110140608,-27.39775,151.56172,379.559760684472,78,3657.1392,0,494.647231335623,0
20-Sep-2015 08:42:00,0,115.43110140608,-27.39775,151.56172,379.559760684472,78,3657.1392,0,497.75966162031,0
20-Sep-2015 08:43:00,0,115.43110140608,-27.39775,151.56172,379.559760684472,78,3657.1392,0,500.861639075753,0
20-Sep-2015 08:44:00,0,115.43110140608,-27.39775,151.56172,379.559760684472,78,3657.1392,0,503.953054883835,0
20-Sep-2015 08:45:00,0,115.43110140608,-27.39775,151.56172,379.559760684472,78,3657.1392,0,507.033801114182,0
20-Sep-2015 08:46:00,0,115.43110140608,-27.39775,151.56172,379.559760684472,78,3657.1392,0,510.103770722154,0
20-Sep-2015 08:47:00,0,115.43110140608,-27.39775,151.56172,379.559760684472,78,3657.1392,0,513.1628595976,0
20-Sep-2015 08:48:00,0,115.43110140608,-27.39775,151.56172,379.559760684472,78,3657.1392,0,516.210958325501,0
20-Sep-2015 08:49:00,0,115.43110140608,-27.39775,151.56172,379.559760684472,78,3657.1392,0,519.24796452428,0
20-Sep-2015 08:50:00,0,115.43110140608,-27.39775,151.56172,379.559760684472,78,3657.1392,0,522.273774592323,0
20-Sep-2015 08:51:00,0,115.43110140608,-27.39775,151.56172,379.559760684472,78,3657.1392,0,525.288285765315,0
20-Sep-2015 08:52:00,0,115.43110140608,-27.39775,151.56172,379.559760684472,78,3657.1392,0,528.291396115631,0
20-Sep-2015 08:53:00,0,115.43110140608,-27.39775,151.56172,379.559760684472,78,3657.1392,0,531.283004524084,0
20-Sep-2015 08:54:00,0,115.43110140608,-27.39775,151.56172,379.559760684472,78,3657.1392,0,534.26301069393,0
20-Sep-2015 08:55:00,0,115.43110140608,-27.39775,151.56172,379.559760684472,78,3657.1392,0,537.231315123209,0
20-Sep-2015 08:56:00,0,115.43110140608,-27.39775,151.56172,379.559760684472,78,3657.1392,0,540.187819105053,0
20-Sep-2015 08:57:00,0,115.43110140608,-27.39775,151.56172,379.559760684472,78,3657.1392,0,543.132424728346,0
20-Sep-2015 08:58:00,0,115.43110140608,-27.39775,151.56172,379.559760684472,78,3657.1392,0,546.06503485091,0
20-Sep-2015 08:59:00,0,115.43110140608,-27.39775,151.56172,379.559760684472,78,3657.1392,0,548.985555068486,0
20-Sep-2015 09:00:00,0,115.43110140608,-27.39775,151.56172,379.559760684472,78,3657.1392,0,551.893885862878,0
20-Sep-2015 09:01:00,0,115.43110140608,-27.39775,151.56172,379.559760684472,78,3657.1392,0,554.789934354019,0
20-Sep-2015 09:02:00,0,115.43110140608,-27.39775,151.56172,379.559760684472,78,3657.1392,0,557.673606459354,0
20-Sep-2015 09:03:00,0,115.43110140608,-27.39775,151.56172,379.559760684472,78,3657.1392,0,560.544808830944,0
20-Sep-2015 09:04:00,0,115.43110140608,-27.39775,151.56172,379.559760684472,78,3657.1392,0,563.403448870662,0
20-Sep-2015 09:05:00,0,115.43110140608,-27.39775,151.56172,379.559760684472,78,3657.1392,0,566.249434705262,0
20-Sep-2015 09:06:00,0,115.43110140608,-27.39775,151.56172,379.559760684472,78,3657.1392,0,569.082675188393,0
20-Sep-2015 09:07:00,0,115.43110140608,-27.39775,151.56172,379.559760684472,78,3657.1392,0,571.903079902704,0
20-Sep-2015 09:08:00,0,115.43110140608,-27.39775,151.56172,379.559760684472,78,3657.1392,0,574.71055913571,0
20-Sep-2015 09:09:00,0,115.43110140608,-27.39775,151.56172,379.559760684472,78,3657.1392,0,577.505023895273,0
20-Sep-2015 09:10:00,0,115.43110140608,-27.39775,151.56172,379.559760684472,78,3657.1392,0,580.286387746563,0
20-Sep-2015 09:11:00,0,115.43110140608,-27.39775,151.56172,379.559760684472,78,3657.1392,0,583.05455936309,0
20-Sep-2015 09:12:00,0,115.43110140608,-27.39775,151.56172,379.559760684472,78,3657.1392,0,585.80945372013,0
20-Sep-2015 09:13:00,0,115.43110140608,-27.39775,151.56172,379.559760684472,78,3657.1392,0,588.55098460228,0
20-Sep-2015 09:14:00,0,115.43110140608,-27.39775,151.56172,379.559760684472,78,3657.1392,0,591.279066488859,0
20-Sep-2015 09:15:00,0,115.43110140608,-27.39775,151.56172,379.559760684472,78,3657.1392,0,593.993614531274,0
20-Sep-2015 09:16:00,0,115.43110140608,-27.39775,151.56172,379.559760684472,78,3657.1392,0,596.694544556159,0
20-Sep-2015 09:17:00,0,115.43110140608,-27.39775,151.56172,379.559760684472,78,3657.1392,0,599.381773068461,0
20-Sep-2015 09:18:00,0,115.43110140608,-27.39775,151.56172,379.559760684472,78,3657.1392,0,602.055217229494,0
20-Sep-2015 09:19:00,0,115.43110140608,-27.39775,151.56172,379.559760684472,78,3657.1392,0,604.714794872875,0
20-Sep-2015 09:20:00,0,115.43110140608,-27.39775,151.56172,379.559760684472,78,3657.1392,0,607.360424482831,0
20-Sep-2015 09:21:00,0,115.43110140608,-27.39775,151.56172,379.559760684472,78,3657.1392,0,609.992026957874,0
20-Sep-2015 09:22:00,0,115.43110140608,-27.39775,151.56172,379.559760684472,78,3657.1392,0,612.609518564745,0
20-Sep-2015 09:23:00,0,115.43110140608,-27.39775,151.56172,379.559760684472,78,3657.1392,0,615.212821505898,0
20-Sep-2015 09:24:00,0,115.43110140608,-27.39775,151.56172,379.559760684472,78,3657.1392,0,617.80185686693,0
20-Sep-2015 09:25:00,0,115.43110140608,-27.39775,151.56172,379.559760684472,78,3657.1392,0,620.376546365568,0
20-Sep-2015 09:26:00,0,115.43110140608,-27.39775,151.56172,379.559760684472,78,3657.1392,0,622.936812355431,0
20-Sep-2015 09:27:00,0,115.43110140608,-27.39775,151.56172,379.559760684472,78,3657.1392,0,625.482577829868,0
20-Sep-2015 09:28:00,0,115.43110140608,-27.39775,151.56172,379.559760684472,78,3657.1392,0,628.013766404202,0
20-Sep-2015 09:29:00,0,115.43110140608,-27.39775,151.56172,379.559760684472,78,3657.1392,0,630.530302319953,0
20-Sep-2015 09:30:00,0,115.43110140608,-27.39775,151.56172,379.559760684472,78,3657.1392,0,633.032110448501,0
20-Sep-2015 09:31:00,0,115.43110140608,-27.39775,151.56172,379.559760684472,78,3657.1392,0,635.519116271866,0
20-Sep-2015 09:32:00,0,115.43110140608,-27.39775,151.56172,379.559760684472,78,3657.1392,0,637.991247551053,0
20-Sep-2015 09:33:00,0,115.43110140608,-27.39775,151.56172,379.559760684472,78,3657.1392,0,640.44842768591,0
20-Sep-2015 09:34:00,0,115.43110140608,-27.39775,151.56172,379.559760684472,78,3657.1392,0,642.890585665924,0
20-Sep-2015 09:35:00,0,115.43110140608,-27.39775,151.56172,379.559760684472,78,3657.1392,0,645.317649433318,0
20-Sep-2015 09:36:00,0,115.43110140608,-27.39775,151.56172,379.559760684472,78,3657.1392,0,647.729547527161,0
20-Sep-2015 09:37:00,0,115.43110140608,-27.39775,151.56172,379.559760684472,78,3657.1392,0,650.12620909891,0
20-Sep-2015 09:38:00,0,115.43110140608,-27.39775,151.56172,379.559760684472,78,3657.1392,0,652.507563894269,0
20-Sep-2015 09:39:00,0,115.43110140608,-27.39775,151.56172,379.559760684472,78,3657.1392,0,654.87354225736,0
20-Sep-2015 09:40:00,0,115.43110140608,-27.39775,151.56172,379.559760684472,78,3657.1392,0,657.224075135089,0
20-Sep-2015 09:41:00,0,115.43110140608,-27.39775,151.56172,379.559760684472,78,3657.1392,0,659.559094059303,0
20-Sep-2015 09:42:00,0,115.43110140608,-27.39775,151.56172,379.559760684472,78,3657.1392,0,661.878531162202,0
20-Sep-2015 09:43:00,0,115.43110140608,-27.39775,151.56172,379.559760684472,78,3657.1392,0,664.182319158791,0
20-Sep-2015 09:44:00,0,115.43110140608,-27.39775,151.56172,379.559760684472,78,3657.1392,0,666.47039288043,0
20-Sep-2015 09:45:00,0,115.43110140608,-27.39775,151.56172,379.559760684472,78,3657.1392,0,668.742683152362,0
20-Sep-2015 09:46:00,0,115.43110140608,-27.39775,151.56172,379.559760684472,78,3657.1392,0,670.999125982772,0
20-Sep-2015 09:47:00,0,115.43110140608,-27.39775,151.56172,379.559760684472,78,3657.1392,0,673.239656429916,0
20-Sep-2015 09:48:00,0,115.43110140608,-27.39775,151.56172,379.559760684472,78,3657.1392,0,675.464210125116,0
20-Sep-2015 09:49:00,0,115.43110140608,-27.39775,151.56172,379.559760684472,78,3657.1392,0,677.672723277196,0
20-Sep-2015 09:50:00,0,115.43110140608,-27.39775,151.56172,379.559760684472,78,3657.1392,0,679.865132676841,0
20-Sep-2015 09:51:00,0,115.43110140608,-27.39775,151.56172,379.559760684472,78,3657.1392,0,682.041375680405,0
20-Sep-2015 09:52:00,0,115.43110140608,-27.39775,151.56172,379.559760684472,78,3657.1392,0,684.201390224732,0
20-Sep-2015 09:53:00,0,115.43110140608,-27.39775,151.56172,379.559760684472,78,3657.1392,0,686.345114811048,0
20-Sep-2015 09:54:00,0,115.43110140608,-27.39775,151.56172,379.559760684472,78,3657.1392,0,688.472488509674,0
20-Sep-2015 09:55:00,0,115.43110140608,-27.39775,151.56172,379.559760684472,78,3657.1392,0,690.583452374259,0
20-Sep-2015 09:56:00,0,115.43110140608,-27.39775,151.56172,379.559760684472,78,3657.1392,0,692.677943775238,0
20-Sep-2015 09:57:00,0,115.43110140608,-27.39775,151.56172,379.559760684472,78,3657.1392,0,694.755904907559,0
20-Sep-2015 09:58:00,0,115.43110140608,-27.39775,151.56172,379.559760684472,78,3657.1392,0,696.817277102067,0
20-Sep-2015 09:59:00,0,115.43110140608,-27.39775,151.56172,379.559760684472,78,3657.1392,0,698.862002251341,0
20-Sep-2015 10:00:00,0,115.43110140608,-27.39775,151.56172,379.559760684472,78,3657.1392,0,700.890022813729,0
20-Sep-2015 10:01:00,0,115.43110140608,-27.39775,151.56172,379.559760684472,78,3657.1392,0,702.901281798976,0
20-Sep-2015 10:02:00,0,115.43110140608,-27.39775,151.56172,379.559760684472,78,3657.1392,0,704.895722781831,0
20-Sep-2015 10:03:00,0,115.43110140608,-27.39775,151.56172,379.559760684472,78,3657.1392,0,706.873289887776,0
20-Sep-2015 10:04:00,0,115.43110140608,-27.39775,151.56172,379.559760684472,78,3657.1392,0,708.833927797382,0
20-Sep-2015 10:05:00,0,115.43110140608,-27.39775,151.56172,379.559760684472,78,3657.1392,0,710.777581750701,0
20-Sep-2015 10:06:00,0,115.43110140608,-27.39775,151.56172,379.559760684472,78,3657.1392,0,712.704198819416,0
20-Sep-2015 10:07:00,0,115.43110140608,-27.39775,151.56172,379.559760684472,78,3657.1392,0,714.613722763932,0
20-Sep-2015 10:08:00,0,115.43110140608,-27.39775,151.56172,379.559760684472,78,3657.1392,0,716.506101771433,0
20-Sep-2015 10:09:00,0,115.43110140608,-27.39775,151.56172,379.559760684472,78,3657.1392,0,718.381283280955,0
20-Sep-2015 10:10:00,0,115.43110140608,-27.39775,151.56172,379.559760684472,78,3657.1392,0,720.239215285227,0
20-Sep-2015 10:11:00,0,115.43110140608,-27.39775,151.56172,379.559760684472,78,3657.1392,0,722.079846317516,0
20-Sep-2015 10:12:00,0,115.43110140608,-27.39775,151.56172,379.559760684472,78,3657.1392,0,723.903125464458,0
20-Sep-2015 10:13:00,0,115.43110140608,-27.39775,151.56172,379.559760684472,78,3657.1392,0,725.709002353072,0
20-Sep-2015 10:14:00,0,115.43110140608,-27.39775,151.56172,379.559760684472,78,3657.1392,0,727.497427155095,0
20-Sep-2015 10:15:00,0,115.43110140608,-27.39775,151.56172,379.559760684472,78,3657.1392,0,729.26835059097,0
20-Sep-2015 10:16:00,0,115.43110140608,-27.39775,151.56172,379.559760684472,78,3657.1392,0,731.021723917403,0
20-Sep-2015 10:17:00,0,115.43110140608,-27.39775,151.56172,379.559760684472,78,3657.1392,0,732.757500097757,0
20-Sep-2015 10:18:00,0,115.43110140608,-27.39775,151.56172,379.559760684472,78,3657.1392,0,734.475629145641,0
20-Sep-2015 10:19:00,0,115.43110140608,-27.39775,151.56172,379.559760684472,78,3657.1392,0,736.176065113039,0
20-Sep-2015 10:20:00,0,115.43110140608,-27.39775,151.56172,379.559760684472,78,3657.1392,0,737.858761426444,0
20-Sep-2015 10:21:00,0,115.43110140608,-27.39775,151.56172,379.559760684472,78,3657.1392,0,739.523672044932,0
20-Sep-2015 10:22:00,0,115.43110140608,-27.39775,151.56172,379.559760684472,78,3657.1392,0,741.170751471971,0
20-Sep-2015 10:23:00,0,115.43110140608,-27.39775,151.56172,379.559760684472,78,3657.1392,0,742.799954743912,0
20-Sep-2015 10:24:00,0,115.43110140608,-27.39775,151.56172,379.559760684472,78,3657.1392,0,744.411237433875,0
20-Sep-2015 10:25:00,0,115.43110140608,-27.39775,151.56172,379.559760684472,78,3657.1392,0,746.004555655637,0
20-Sep-2015 10:26:00,0,115.43110140608,-27.39775,151.56172,379.559760684472,78,3657.1392,0,747.579866052466,0
20-Sep-2015 10:27:00,0,115.43110140608,-27.39775,151.56172,379.559760684472,78,3657.1392,0,749.13712580837,0
20-Sep-2015 10:28:00,0,115.43110140608,-27.39775,151.56172,379.559760684472,78,3657.1392,0,750.676292638626,0
20-Sep-2015 10:29:00,0,115.43110140608,-27.39775,151.56172,379.559760684472,78,3657.1392,0,752.197325801808,0
20-Sep-2015 10:30:00,0,115.43110140608,-27.39775,151.56172,379.559760684472,78,3657.1392,0,753.70018204425,0
20-Sep-2015 10:31:00,0,115.43110140608,-27.39775,151.56172,379.559760684472,78,3657.1392,0,755.184821703768,0
20-Sep-2015 10:32:00,0,115.43110140608,-27.39775,151.56172,379.559760684472,78,3657.1392,0,756.651204629667,0
20-Sep-2015 10:33:00,0,115.43110140608,-27.39775,151.56172,379.559760684472,78,3657.1392,0,758.099291198534,0
20-Sep-2015 10:34:00,0,115.43110140608,-27.39775,151.56172,379.559760684472,78,3657.1392,0,759.529042317993,0
20-Sep-2015 10:35:00,0,115.43110140608,-27.39775,151.56172,379.559760684472,78,3657.1392,0,760.940419430086,0
20-Sep-2015 10:36:00,0,115.43110140608,-27.39775,151.56172,379.559760684472,78,3657.1392,0,762.33338450155,0
20-Sep-2015 10:37:00,0,115.43110140608,-27.39775,151.56172,379.559760684472,78,3657.1392,0,763.707900033862,0
20-Sep-2015 10:38:00,0,115.43110140608,-27.39775,151.56172,379.559760684472,78,3657.1392,0,765.063929053673,0
20-Sep-2015 10:39:00,0,115.43110140608,-27.39775,151.56172,379.559760684472,78,3657.1392,0,766.401435116309,0
20-Sep-2015 10:40:00,0,115.43110140608,-27.39775,151.56172,379.559760684472,78,3657.1392,0,767.720383187281,0
20-Sep-2015 10:41:00,0,115.43110140608,-27.39775,151.56172,379.559760684472,78,3657.1392,0,769.020736107789,0
20-Sep-2015 10:42:00,0,115.43110140608,-27.39775,151.56172,379.559760684472,78,3657.1392,0,770.302459910928,0
20-Sep-2015 10:43:00,0,115.43110140608,-27.39775,151.56172,379.559760684472,78,3657.1392,0,771.565520262488,0
20-Sep-2015 10:44:00,0,115.43110140608,-27.39775,151.56172,379.559760684472,78,3657.1392,0,772.809883354991,0
20-Sep-2015 10:45:00,0,115.43110140608,-27.39775,151.56172,379.559760684472,78,3657.1392,0,774.035515910699,0
20-Sep-2015 10:46:00,0,115.43110140608,-27.39775,151.56172,379.559760684472,78,3657.1392,0,775.24238517434,0
20-Sep-2015 10:47:00,0,115.43110140608,-27.39775,151.56172,379.559760684472,78,3657.1392,0,776.430458916318,0
20-Sep-2015 10:48:00,0,115.43110140608,-27.39775,151.56172,379.559760684472,78,3657.1392,0,777.599705435612,0
20-Sep-2015 10:49:00,0,115.43110140608,-27.39775,151.56172,379.559760684472,78,3657.1392,0,778.750093551782,0
20-Sep-2015 10:50:00,0,115.43110140608,-27.39775,151.56172,379.559760684472,78,3657.1392,0,779.881592613351,0
20-Sep-2015 10:51:00,0,115.43110140608,-27.39775,151.56172,379.559760684472,78,3657.1392,0,780.994173228687,0
20-Sep-2015 10:52:00,0,115.43110140608,-27.39775,151.56172,379.559760684472,78,3657.1392,0,782.087804302507,0
20-Sep-2015 10:53:00,0,115.43110140608,-27.39775,151.56172,379.559760684472,78,3657.1392,0,783.162457504798,0
20-Sep-2015 10:54:00,0,115.43110140608,-27.39775,151.56172,379.559760684472,78,3657.1392,0,784.21810427672,0
20-Sep-2015 10:55:00,0,115.43110140608,-27.39775,151.56172,379.559760684472,78,3657.1392,0,785.254716585636,0
20-Sep-2015 10:56:00,0,115.43110140608,-27.39775,151.56172,379.559760684472,78,3657.1392,0,786.272266918968,0
20-Sep-2015 10:57:00,0,115.43110140608,-27.39775,151.56172,379.559760684472,78,3657.1392,0,787.270728286984,0
20-Sep-2015 10:58:00,0,115.43110140608,-27.39775,151.56172,379.559760684472,78,3657.1392,0,788.250074225264,0
20-Sep-2015 10:59:00,0,115.43110140608,-27.39775,151.56172,379.559760684472,78,3657.1392,0,789.210278788024,0
20-Sep-2015 11:00:00,0,115.43110140608,-27.39775,151.56172,379.559760684472,78,3657.1392,0,790.151316555177,0
20-Sep-2015 11:01:00,0,115.43110140608,-27.39775,151.56172,379.559760684472,78,3657.1392,0,791.07316262583,0
20-Sep-2015 11:02:00,0,115.43110140608,-27.39775,151.56172,379.559760684472,78,3657.1392,0,791.975793219685,0
20-Sep-2015 11:03:00,0,115.43110140608,-27.39775,151.56172,379.559760684472,78,3657.1392,0,792.859183271002,0
20-Sep-2015 11:04:00,0,115.43110140608,-27.39775,151.56172,379.559760684472,78,3657.1392,0,793.723310054329,0
20-Sep-2015 11:05:00,0,115.43110140608,-27.39775,151.56172,379.559760684472,78,3657.1392,0,794.568150756842,0
20-Sep-2015 11:06:00,0,115.43110140608,-27.39775,151.56172,379.559760684472,78,3657.1392,0,795.393683084226,0
20-Sep-2015 11:07:00,0,115.43110140608,-27.39775,151.56172,379.559760684472,78,3657.1392,0,796.199885263011,0
20-Sep-2015 11:08:00,0,115.43110140608,-27.39775,151.56172,379.559760684472,78,3657.1392,0,796.986736042538,0
20-Sep-2015 11:09:00,0,115.43110140608,-27.39775,151.56172,379.559760684472,78,3657.1392,0,797.754214689652,0
20-Sep-2015 11:10:00,0,115.43110140608,-27.39775,151.56172,379.559760684472,78,3657.1392,0,798.502300994354,0
20-Sep-2015 11:11:00,0,115.43110140608,-27.39775,151.56172,379.559760684472,78,3657.1392,0,799.230975264643,0
20-Sep-2015 11:12:00,0,115.43110140608,-27.39775,151.56172,379.559760684472,78,3657.1392,0,799.940218328584,0
20-Sep-2015 11:13:00,0,115.43110140608,-27.39775,151.56172,379.559760684472,78,3657.1392,0,800.630011536082,0
20-Sep-2015 11:14:00,0,115.43110140608,-27.39775,151.56172,379.559760684472,78,3657.1392,0,801.300337197138,0
20-Sep-2015 11:15:00,0,115.43110140608,-27.39775,151.56172,379.559760684472,78,3657.1392,0,801.951176801897,0
20-Sep-2015 11:16:00,0,115.43110140608,-27.39775,151.56172,379.559760684472,78,3657.1392,0,802.58251371316,0
20-Sep-2015 11:17:00,0,115.43110140608,-27.39775,151.56172,379.559760684472,78,3657.1392,0,803.194331357156,0
20-Sep-2015 11:18:00,0,115.43110140608,-27.39775,151.56172,379.559760684472,78,3657.1392,0,803.786613681024,0
20-Sep-2015 11:19:00,0,115.43110140608,-27.39775,151.56172,379.559760684472,78,3657.1392,0,804.35934514888,0
20-Sep-2015 11:20:00,0,115.43110140608,-27.39775,151.56172,379.559760684472,78,3657.1392,0,804.912510746015,0
20-Sep-2015 11:21:00,0,115.43110140608,-27.39775,151.56172,379.559760684472,78,3657.1392,0,805.446095975066,0
20-Sep-2015 11:22:00,0,115.43110140608,-27.39775,151.56172,379.559760684472,78,3657.1392,0,805.96008685762,0
20-Sep-2015 11:23:00,0,115.43110140608,-27.39775,151.56172,379.559760684472,78,3657.1392,0,806.454469935463,0
20-Sep-2015 11:24:00,0,115.43110140608,-27.39775,151.56172,379.559760684472,78,3657.1392,0,806.929232267169,0
20-Sep-2015 11:25:00,0,115.43110140608,-27.39775,151.56172,379.559760684472,78,3657.1392,0,807.384361730337,0
20-Sep-2015 11:26:00,0,115.43110140608,-27.39775,151.56172,379.559760684472,78,3657.1392,0,807.819845810753,0
20-Sep-2015 11:27:00,0,115.43110140608,-27.39775,151.56172,379.559760684472,78,3657.1392,0,808.235673434936,0
20-Sep-2015 11:28:00,0,115.43110140608,-27.39775,151.56172,379.559760684472,78,3657.1392,0,808.631833737101,0
20-Sep-2015 11:29:00,0,115.43110140608,-27.39775,151.56172,379.559760684472,78,3657.1392,0,809.008316368324,0
20-Sep-2015 11:30:00,0,115.43110140608,-27.39775,151.56172,379.559760684472,78,3657.1392,0,809.365111499356,0
20-Sep-2015 11:31:00,0,115.43110140608,-27.39775,151.56172,379.559760684472,78,3657.1392,0,809.702209818051,0
20-Sep-2015 11:32:00,0,115.43110140608,-27.39775,151.56172,379.559760684472,78,3657.1392,0,810.019602530541,0
20-Sep-2015 11:33:00,0,115.43110140608,-27.39775,151.56172,379.559760684472,78,3657.1392,0,810.317281361885,0
20-Sep-2015 11:34:00,0,115.43110140608,-27.39775,151.56172,379.559760684472,78,3657.1392,0,810.595238554023,0
20-Sep-2015 11:35:00,0,115.43110140608,-27.39775,151.56172,379.559760684472,78,3657.1392,0,810.853466867986,0
20-Sep-2015 11:36:00,0,115.43110140608,-27.39775,151.56172,379.559760684472,78,3657.1392,0,811.091959735257,0
20-Sep-2015 11:37:00,0,115.43110140608,-27.39775,151.56172,379.559760684472,78,3657.1392,0,811.310710632144,0
20-Sep-2015 11:38:00,0,115.43110140608,-27.39775,151.56172,379.559760684472,78,3657.1392,0,811.509714039867,0
20-Sep-2015 11:39:00,0,115.43110140608,-27.39775,151.56172,379.559760684472,78,3657.1392,0,811.688964790116,0
20-Sep-2015 11:40:00,0,115.43110140608,-27.39775,151.56172,379.559760684472,78,3657.1392,0,811.848458233092,0
20-Sep-2015 11:41:00,0,115.43110140608,-27.39775,151.56172,379.559760684472,78,3657.1392,0,811.98819023632,0
20-Sep-2015 11:42:00,0,115.43110140608,-27.39775,151.56172,379.559760684472,78,3657.1392,0,812.108157185087,0
20-Sep-2015 11:43:00,0,115.43110140608,-27.39775,151.56172,379.559760684472,78,3657.1392,0,812.208355982814,0
20-Sep-2015 11:44:00,0,115.43110140608,-27.39775,151.56172,379.559760684472,78,3657.1392,0,812.288784050192,0
20-Sep-2015 11:45:00,0,115.43110140608,-27.39775,151.56172,379.559760684472,78,3657.1392,0,812.349439325911,0
20-Sep-2015 11:46:00,0,115.43110140608,-27.39775,151.56172,379.559760684472,78,3657.1392,0,812.390320266198,0
20-Sep-2015 11:47:00,0,115.43110140608,-27.39775,151.56172,379.559760684472,78,3657.1392,0,812.411425852491,0
20-Sep-2015 11:48:00,0,115.43110140608,-27.39775,151.56172,379.559760684472,78,3657.1392,0,812.412755548154,0
20-Sep-2015 11:49:00,0,115.43110140608,-27.39775,151.56172,379.559760684472,78,3657.1392,0,812.394309383199,0
20-Sep-2015 11:50:00,0,115.43110140608,-27.39775,151.56172,379.559760684472,78,3657.1392,0,812.35608788459,0
20-Sep-2015 11:51:00,0,115.43110140608,-27.39775,151.56172,379.559760684472,78,3657.1392,0,812.298092096905,0
20-Sep-2015 11:52:00,0,115.43110140608,-27.39775,151.56172,379.559760684472,78,3657.1392,0,812.220323582517,0
20-Sep-2015 11:53:00,0,115.43110140608,-27.39775,151.56172,379.559760684472,78,3657.1392,0,812.122784421211,0
20-Sep-2015 11:54:00,0,115.43110140608,-27.39775,151.56172,379.559760684472,78,3657.1392,0,812.005477210804,0
20-Sep-2015 11:55:00,0,115.43110140608,-27.39775,151.56172,379.559760684472,78,3657.1392,0,811.868405066397,0
20-Sep-2015 11:56:00,0,115.43110140608,-27.39775,151.56172,379.559760684472,78,3657.1392,0,811.711571621123,0
20-Sep-2015 11:57:00,0,115.43110140608,-27.39775,151.56172,379.559760684472,78,3657.1392,0,811.53498102591,0
20-Sep-2015 11:58:00,0,115.43110140608,-27.39775,151.56172,379.559760684472,78,3657.1392,0,811.338637948948,0
20-Sep-2015 11:59:00,0,115.43110140608,-27.39775,151.56172,379.559760684472,78,3657.1392,0,811.122547425363,0
20-Sep-2015 12:00:00,0,115.43110140608,-27.39775,151.56172,379.559760684472,78,3657.1392,0,810.886715448617,0
20-Sep-2015 12:01:00,0,115.43110140608,-27.39775,151.56172,379.559760684472,78,3657.1392,0,810.631148102524,0
20-Sep-2015 12:02:00,0,115.43110140608,-27.39775,151.56172,379.559760684472,78,3657.1392,0,810.355852127153,0
20-Sep-2015 12:03:00,0,115.43110140608,-27.39775,151.56172,379.559760684472,78,3657.1392,0,810.060834779608,0
20-Sep-2015 12:04:00,0,115.43110140608,-27.39775,151.56172,379.559760684472,78,3657.1392,0,809.746103836064,0
20-Sep-2015 12:05:00,0,115.43110140608,-27.39775,151.56172,379.559760684472,78,3657.1392,0,809.411667589521,0
20-Sep-2015 12:06:00,0,115.43110140608,-27.39775,151.56172,379.559760684472,78,3657.1392,0,809.057534851792,0
20-Sep-2015 12:07:00,0,115.43110140608,-27.39775,151.56172,379.559760684472,78,3657.1392,0,808.683714952971,0
20-Sep-2015 12:08:00,0,115.43110140608,-27.39775,151.56172,379.559760684472,78,3657.1392,0,808.290217739649,0
20-Sep-2015 12:09:00,0,115.43110140608,-27.39775,151.56172,379.559760684472,78,3657.1392,0,807.877053579011,0
20-Sep-2015 12:10:00,0,115.43110140608,-27.39775,151.56172,379.559760684472,78,3657.1392,0,807.444233058397,0
20-Sep-2015 12:11:00,0,115.43110140608,-27.39775,151.56172,379.559760684472,78,3657.1392,0,806.991768159977,0
20-Sep-2015 12:12:00,0,115.43110140608,-27.39775,151.56172,379.559760684472,78,3657.1392,0,806.519670521817,0
20-Sep-2015 12:13:00,0,115.43110140608,-27.39775,151.56172,379.559760684472,78,3657.1392,0,806.027952582288,0
20-Sep-2015 12:14:00,0,115.43110140608,-27.39775,151.56172,379.559760684472,78,3657.1392,0,805.516627299645,0
20-Sep-2015 12:15:00,0,115.43110140608,-27.39775,151.56172,379.559760684472,78,3657.1392,0,804.985708150733,0
20-Sep-2015 12:16:00,0,115.43110140608,-27.39775,151.56172,379.559760684472,78,3657.1392,0,804.435209129629,0
20-Sep-2015 12:17:00,0,115.43110140608,-27.39775,151.56172,379.559760684472,78,3657.1392,0,803.865144751085,0
20-Sep-2015 12:18:00,0,115.43110140608,-27.39775,151.56172,379.559760684472,78,3657.1392,0,803.275530046716,0
20-Sep-2015 12:19:00,0,115.43110140608,-27.39775,151.56172,379.559760684472,78,3657.1392,0,802.666380568522,0
20-Sep-2015 12:20:00,0,115.43110140608,-27.39775,151.56172,379.559760684472,78,3657.1392,0,802.037712387701,0
20-Sep-2015 12:21:00,0,115.43110140608,-27.39775,151.56172,379.559760684472,78,3657.1392,0,801.389541651577,0
20-Sep-2015 12:22:00,0,115.43110140608,-27.39775,151.56172,379.559760684472,78,3657.1392,0,800.721886339654,0
20-Sep-2015 12:23:00,0,115.43110140608,-27.39775,151.56172,379.559760684472,78,3657.1392,0,800.034763650719,0
20-Sep-2015 12:24:00,0,115.43110140608,-27.39775,151.56172,379.559760684472,78,3657.1392,0,799.328191733253,0
20-Sep-2015 12:25:00,0,115.43110140608,-27.39775,151.56172,379.559760684472,78,3657.1392,0,798.602189255212,0
20-Sep-2015 12:26:00,0,115.43110140608,-27.39775,151.56172,379.559760684472,78,3657.1392,0,797.85677540226,0
20-Sep-2015 12:27:00,0,115.43110140608,-27.39775,151.56172,379.559760684472,78,3657.1392,0,797.091969882683,0
20-Sep-2015 12:28:00,0,115.43110140608,-27.39775,151.56172,379.559760684472,78,3657.1392,0,796.307792921871,0
20-Sep-2015 12:29:00,0,115.43110140608,-27.39775,151.56172,379.559760684472,78,3657.1392,0,795.504265267518,0
20-Sep-2015 12:30:00,0,115.43110140608,-27.39775,151.56172,379.559760684472,78,3657.1392,0,794.681408187609,0
20-Sep-2015 12:31:00,0,115.43110140608,-27.39775,151.56172,379.559760684472,78,3657.1392,0,793.839243468253,0
20-Sep-2015 12:32:00,0,115.43110140608,-27.39775,151.56172,379.559760684472,78,3657.1392,0,792.97779283514,0
20-Sep-2015 12:33:00,0,115.43110140608,-27.39775,151.56172,379.559760684472,78,3657.1392,0,792.097080270947,0
20-Sep-2015 12:34:00,0,115.43110140608,-27.39775,151.56172,379.559760684472,78,3657.1392,0,791.197128555165,0
20-Sep-2015 12:35:00,0,115.43110140608,-27.39775,151.56172,379.559760684472,78,3657.1392,0,790.277961559653,0
20-Sep-2015 12:36:00,0,115.43110140608,-27.39775,151.56172,379.559760684472,78,3657.1392,0,789.339603674928,0
20-Sep-2015 12:37:00,0,115.43110140608,-27.39775,151.56172,379.559760684472,78,3657.1392,0,788.38207981649,0
20-Sep-2015 12:38:00,0,115.43110140608,-27.39775,151.56172,379.559760684472,78,3657.1392,0,787.405415417904,0
20-Sep-2015 12:39:00,0,115.43110140608,-27.39775,151.56172,379.559760684472,78,3657.1392,0,786.409636437352,0
20-Sep-2015 12:40:00,0,115.43110140608,-27.39775,151.56172,379.559760684472,78,3657.1392,0,785.394769355163,0
20-Sep-2015 12:41:00,0,115.43110140608,-27.39775,151.56172,379.559760684472,78,3657.1392,0,784.360841171094,0
20-Sep-2015 12:42:00,0,115.43110140608,-27.39775,151.56172,379.559760684472,78,3657.1392,0,783.307879411273,0
20-Sep-2015 12:43:00,0,115.43110140608,-27.39775,151.56172,379.559760684472,78,3657.1392,0,782.235912120763,0
20-Sep-2015 12:44:00,0,115.43110140608,-27.39775,151.56172,379.559760684472,78,3657.1392,0,781.14496713251,0
20-Sep-2015 12:45:00,0,115.43110140608,-27.39775,151.56172,379.559760684472,78,3657.1392,0,780.03507500405,0
20-Sep-2015 12:46:00,0,115.43110140608,-27.39775,151.56172,379.559760684472,78,3657.1392,0,778.90626462492,0
20-Sep-2015 12:47:00,0,115.43110140608,-27.39775,151.56172,379.559760684472,78,3657.1392,0,777.758566137819,0
20-Sep-2015 12:48:00,0,115.43110140608,-27.39775,151.56172,379.559760684472,78,3657.1392,0,776.592010205382,0
20-Sep-2015 12:49:00,0,115.43110140608,-27.39775,151.56172,379.559760684472,78,3657.1392,0,775.406628017678,0
20-Sep-2015 12:50:00,0,115.43110140608,-27.39775,151.56172,379.559760684472,78,3657.1392,0,774.202451289634,0
20-Sep-2015 12:51:00,0,115.43110140608,-27.39775,151.56172,379.559760684472,78,3657.1392,0,772.97951225774,0
20-Sep-2015 12:52:00,0,115.43110140608,-27.39775,151.56172,379.559760684472,78,3657.1392,0,771.737843688366,0
20-Sep-2015 12:53:00,0,115.43110140608,-27.39775,151.56172,379.559760684472,78,3657.1392,0,770.477478868968,0
20-Sep-2015 12:54:00,0,115.43110140608,-27.39775,151.56172,379.559760684472,78,3657.1392,0,769.198451616244,0
20-Sep-2015 12:55:00,0,115.43110140608,-27.39775,151.56172,379.559760684472,78,3657.1392,0,767.900795397189,0
20-Sep-2015 12:56:00,0,115.43110140608,-27.39775,151.56172,379.559760684472,78,3657.1392,0,766.584546818351,0
20-Sep-2015 12:57:00,0,115.43110140608,-27.39775,151.56172,379.559760684472,78,3657.1392,0,765.249740414148,0
20-Sep-2015 12:58:00,0,115.43110140608,-27.39775,151.56172,379.559760684472,78,3657.1392,0,763.8964121054,0
20-Sep-2015 12:59:00,0,115.43110140608,-27.39775,151.56172,379.559760684472,78,3657.1392,0,762.524598344429,0
20-Sep-2015 13:00:00,0,115.43110140608,-27.39775,151.56172,379.559760684472,78,3657.1392,0,761.134336111981,0
20-Sep-2015 13:01:00,0,115.43110140608,-27.39775,151.56172,379.559760684472,78,3657.1392,0,759.725662913694,0
20-Sep-2015 13:02:00,0,115.43110140608,-27.39775,151.56172,379.559760684472,78,3657.1392,0,758.298616789432,0
20-Sep-2015 13:03:00,0,115.43110140608,-27.39775,151.56172,379.559760684472,78,3657.1392,0,756.853236303541,0
20-Sep-2015 13:04:00,0,115.43110140608,-27.39775,151.56172,379.559760684472,78,3657.1392,0,755.389560554248,0
20-Sep-2015 13:05:00,0,115.43110140608,-27.39775,151.56172,379.559760684472,78,3657.1392,0,753.907629170631,0
20-Sep-2015 13:06:00,0,115.43110140608,-27.39775,151.56172,379.559760684472,78,3657.1392,0,752.407481296406,0
20-Sep-2015 13:07:00,0,115.43110140608,-27.39775,151.56172,379.559760684472,78,3657.1392,0,750.88915963653,0
20-Sep-2015 13:08:00,0,115.43110140608,-27.39775,151.56172,379.559760684472,78,3657.1392,0,749.35270441075,0
20-Sep-2015 13:09:00,0,115.43110140608,-27.39775,151.56172,379.559760684472,78,3657.1392,0,747.798157375277,0
20-Sep-2015 13:10:00,0,115.43110140608,-27.39775,151.56172,379.559760684472,78,3657.1392,0,746.225560820043,0
20-Sep-2015 13:11:00,0,115.43110140608,-27.39775,151.56172,379.559760684472,78,3657.1392,0,744.634957563923,0
20-Sep-2015 13:12:00,0,115.43110140608,-27.39775,151.56172,379.559760684472,78,3657.1392,0,743.026390966509,0
20-Sep-2015 13:13:00,0,115.43110140608,-27.39775,151.56172,379.559760684472,78,3657.1392,0,741.399904916178,0
20-Sep-2015 13:14:00,0,115.43110140608,-27.39775,151.56172,379.559760684472,78,3657.1392,0,739.755543841562,0
20-Sep-2015 13:15:00,0,115.43110140608,-27.39775,151.56172,379.559760684472,78,3657.1392,0,738.093352707637,0
20-Sep-2015 13:16:00,0,115.43110140608,-27.39775,151.56172,379.559760684472,78,3657.1392,0,736.413377011772,0
20-Sep-2015 13:17:00,0,115.43110140608,-27.39775,151.56172,379.559760684472,78,3657.1392,0,734.715661650928,0
20-Sep-2015 13:18:00,0,115.43110140608,-27.39775,151.56172,379.559760684472,78,3657.1392,0,733.000255475387,0
20-Sep-2015 13:19:00,0,115.43110140608,-27.39775,151.56172,379.559760684472,78,3657.1392,0,731.26720446987,0
20-Sep-2015 13:20:00,0,115.43110140608,-27.39775,151.56172,379.559760684472,78,3657.1392,0,729.516556291726,0
20-Sep-2015 13:21:00,0,115.43110140608,-27.39775,151.56172,379.559760684472,78,3657.1392,0,727.748359133941,0
20-Sep-2015 13:22:00,0,115.43110140608,-27.39775,151.56172,379.559760684472,78,3657.1392,0,725.962661737677,0
20-Sep-2015 13:23:00,0,115.43110140608,-27.39775,151.56172,379.559760684472,78,3657.1392,0,724.159513379838,0
20-Sep-2015 13:24:00,0,115.43110140608,-27.39775,151.56172,379.559760684472,78,3657.1392,0,722.338963885284,0
20-Sep-2015 13:25:00,0,115.43110140608,-27.39775,151.56172,379.559760684472,78,3657.1392,0,720.501063623291,0
20-Sep-2015 13:26:00,0,115.43110140608,-27.39775,151.56172,379.559760684472,78,3657.1392,0,718.645863502765,0
20-Sep-2015 13:27:00,0,115.43110140608,-27.39775,151.56172,379.559760684472,78,3657.1392,0,716.773414983812,0
20-Sep-2015 13:28:00,0,115.43110140608,-27.39775,151.56172,379.559760684472,78,3657.1392,0,714.883770073338,0
20-Sep-2015 13:29:00,0,115.43110140608,-27.39775,151.56172,379.559760684472,78,3657.1392,0,712.976980036546,0
20-Sep-2015 13:30:00,0,115.43110140608,-27.39775,151.56172,379.559760684472,78,3657.1392,0,711.053100536166,0
20-Sep-2015 13:31:00,0,115.43110140608,-27.39775,151.56172,379.559760684472,78,3657.1392,0,709.11218394766,0
20-Sep-2015 13:32:00,0,115.43110140608,-27.39775,151.56172,379.559760684472,78,3657.1392,0,707.154284475598,0
20-Sep-2015 13:33:00,0,115.43110140608,-27.39775,151.56172,379.559760684472,78,3657.1392,0,705.179456876832,0
20-Sep-2015 13:34:00,0,115.43110140608,-27.39775,151.56172,379.559760684472,78,3657.1392,0,703.187756455966,0
20-Sep-2015 13:35:00,0,115.43110140608,-27.39775,151.56172,379.559760684472,78,3657.1392,0,701.179239079287,0
20-Sep-2015 13:36:00,0,115.43110140608,-27.39775,151.56172,379.559760684472,78,3657.1392,0,699.153961161337,0
20-Sep-2015 13:37:00,0,115.43110140608,-27.39775,151.56172,379.559760684472,78,3657.1392,0,697.111979679131,0
20-Sep-2015 13:38:00,0,115.43110140608,-27.39775,151.56172,379.559760684472,78,3657.1392,0,695.053352167898,0
20-Sep-2015 13:39:00,0,115.43110140608,-27.39775,151.56172,379.559760684472,78,3657.1392,0,692.978136716491,0
20-Sep-2015 13:40:00,0,115.43110140608,-27.39775,151.56172,379.559760684472,78,3657.1392,0,690.886390574226,0
20-Sep-2015 13:41:00,0,115.43110140608,-27.39775,151.56172,379.559760684472,78,3657.1392,0,688.778175758253,0
20-Sep-2015 13:42:00,0,115.43110140608,-27.39775,151.56172,379.559760684472,78,3657.1392,0,686.653550652757,0
20-Sep-2015 13:43:00,0,115.43110140608,-27.39775,151.56172,379.559760684472,78,3657.1392,0,684.512575604192,0
20-Sep-2015 13:44:00,101,113.747768072747,-27.3989746615013,151.545993876591,377.82443843685,77.5318637401587,3635.18997606658,937.538185884865,682.481279066292,2159.57451202418
20-Sep-2015 13:45:00,101,112.064434739414,-27.39978,151.52905,374.429530256956,77.0628514603486,3613.19967871049,934.997561802151,680.449938230618,2159.57451202418
20-Sep-2015 13:46:00,101,110.38110140608,-27.39899143471,151.511419411894,372.244894893378,76.5929654029673,3591.16841306969,932.463441098562,678.424001359906,2159.57451202418
20-Sep-2015 13:47:00,101,108.697768072747,-27.3982483452608,151.495199012847,371.772378249435,76.1221939136516,3569.09563271303,929.895520530145,676.371251998552,2159.57451202418
20-Sep-2015 13:48:00,101,107.014434739414,-27.3975127067496,151.478897712146,368.411648866267,75.6505311136418,3546.98106200665,927.310550444193,674.305087554129,2159.57451202418
20-Sep-2015 13:49:00,101,105.33110140608,-27.39674,151.46168,367.594838274041,75.1779745426761,3524.82458559773,924.718445131929,672.233436788596,2159.57451202418
20-Sep-2015 13:50:00,101,103.647768072747,-27.39595,151.44412,363.986155990796,74.7045195242371,3502.62598422119,922.112777032426,670.151166595426,2159.57451202418
20-Sep-2015 13:51:00,101,101.964434739414,-27.3949692216427,151.427935250395,362.262945984783,74.2301553149319,3480.38475415802,919.475951055224,668.044223231137,2159.57451202418
20-Sep-2015 13:52:00,101,100.28110140608,-27.39369,151.40931,359.401626134497,73.7548865220397,3458.10111142696,916.852487061623,665.948183728142,2159.57451202418
20-Sep-2015 13:53:00,101,98.597768072747,-27.39342,151.39239,358.750976006191,73.2786968315448,3435.77429112255,914.181709328461,663.81457653164,2159.57451202418
20-Sep-2015 13:54:00,101,96.9144347394137,-27.3931582633188,151.375006786786,356.903139851355,72.8015820686435,3413.40409750325,911.498823871976,661.671536015015,2159.57451202418
20-Sep-2015 13:55:00,101,95.2311014060803,-27.39292,151.35907,355.07122131672,72.3235303787613,3390.98997475075,908.781557900834,659.501278842892,2159.57451202418
20-Sep-2015 13:56:00,101,93.547768072747,-27.39268,151.34191,352.855052358606,71.8445407149793,3368.53187377881,906.061255666837,657.328846049078,2159.57451202418
20-Sep-2015 13:57:00,101,91.8644347394137,-27.3919505967361,151.323710248246,350.211729653765,71.3646131150709,3346.02979635846,903.341062982202,655.156751858695,2159.57451202418
20-Sep-2015 13:58:00,101,90.1811014060803,-27.39114,151.30797,348.367025975208,70.8837319249853,3323.48300852763,900.575470581432,652.948664730913,2159.57451202418
20-Sep-2015 13:59:00,101,88.497768072747,-27.38906,151.29034,347.156126663637,70.4019034231653,3300.8918046599,897.828086855213,650.755375964334,2159.57451202418
20-Sep-2015 14:00:00,101,86.8144347394137,-27.38641,151.27374,346.648062214816,69.9191194560793,3278.25580246552,895.057056340951,648.543474020701,2159.57451202418
20-Sep-2015 14:01:00,101,85.1311014060803,-27.3881093497103,151.283229197467,346.605622962127,69.4352500122938,3255.56890617641,891.908968007538,646.030920132595,2159.57451202418
20-Sep-2015 14:02:00,101,83.447768072747,-27.39031,151.29956,347.388208350571,68.9502574025568,3232.82934867924,888.651573693824,643.431492880786,2159.57451202418
20-Sep-2015 14:03:00,101,81.7644347394136,-27.3916136865401,151.317120045108,349.636235752612,68.4641320102952,3210.03667908751,885.366289494594,640.810189174709,2159.57451202418
20-Sep-2015 14:04:00,101,80.0811014060803,-27.39243,151.33337,352.27266700964,67.9768735286008,3187.19088301139,882.080115202648,638.188559914273,2159.57451202418
20-Sep-2015 14:05:00,101,78.397768072747,-27.39282,151.3511,354.472036613491,67.4884695975342,3164.29138093783,878.758094742115,635.538727543102,2159.57451202418
20-Sep-2015 14:06:00,101,76.7144347394137,-27.3930526582053,151.368266707324,356.487054187478,66.9989156546761,3141.33795895141,875.422842400355,632.878742418542,2159.57451202418
20-Sep-2015 14:07:00,101,75.0311014060803,-27.39331,151.38589,357.294954624957,66.5082021593999,3118.33016972649,872.059920431377,630.19710059078,2159.57451202418
20-Sep-2015 14:08:00,101,73.347768072747,-27.39358,151.40301,359.401602930969,66.0163238081958,3095.26776460059,868.681617278055,627.503612305713,2159.57451202418
20-Sep-2015 14:09:00,101,71.6644347394137,-27.39441,151.41969,362.070936790684,65.5232732400486,3072.15039844222,865.281965784704,624.793530311632,2159.57451202418
20-Sep-2015 14:10:00,101,69.9811014060803,-27.39554,151.436,363.694766086325,65.029043753577,3048.97775704771,861.862879013796,622.068390899056,2159.57451202418
20-Sep-2015 14:11:00,101,68.297768072747,-27.3964,151.454,366.446936540957,64.5336214625112,3025.74918933989,858.403519426826,619.311600944395,2159.57451202418
20-Sep-2015 14:12:00,101,66.6144347394137,-27.3971442310064,151.470659275071,368.411648866267,64.0370054404246,3002.46465188192,854.941473026657,616.553125184434,2159.57451202418
20-Sep-2015 14:13:00,101,64.9311014060804,-27.39792,151.48802,369.550037152876,63.5391851972949,2979.12365283445,851.44900357228,613.770874517559,2159.57451202418
20-Sep-2015 14:14:00,101,63.247768072747,-27.3986349893924,151.503508637396,372.455281281643,63.0401622089145,2955.72626139205,847.960814195462,610.992504163907,2159.57451202418
20-Sep-2015 14:15:00,101,61.5644347394137,-27.39945,151.52192,376.169864466624,62.5399157171174,2932.27150427906,844.412422199898,608.166668700983,2159.57451202418
20-Sep-2015 14:16:00,101,59.8811014060804,-27.3995654669726,151.538463944411,377.39431463854,62.0384494065855,2908.75955425693,840.874716480525,605.349836435991,2159.57451202418
20-Sep-2015 14:17:00,101,58.197768072747,-27.3982599670215,151.555084414892,379.05160342154,61.5357605225744,2885.19028216563,837.329021480164,602.527141085083,2159.57451202418
20-Sep-2015 14:18:00,101,56.5144347394137,-27.3985123474711,151.551934651767,378.649625502679,61.0319286654301,2861.56742017882,834.014182582496,599.888683195857,2159.57451202418
20-Sep-2015 14:19:00,101,54.8311014060804,-27.39996,151.53311,374.428903761701,60.5270170496431,2837.89393219639,830.882677698428,597.396557944861,2159.57451202418
20-Sep-2015 14:20:00,101,53.147768072747,-27.39918,151.51578,371.243361014841,60.0210207135785,2814.16958558513,827.736783131882,594.893382662392,2159.57451202418
20-Sep-2015 14:21:00,101,51.4644347394137,-27.39846,151.49968,371.651302240394,59.5139283554006,2790.39385044265,824.558111098038,592.364538576593,2159.57451202418
20-Sep-2015 14:22:00,101,49.7811014060804,-27.39769,151.48294,369.129032341066,59.005737824558,2766.56662593735,821.373202057396,589.831151309957,2159.57451202418
20-Sep-2015 14:23:00,101,48.097768072747,-27.39697,151.46679,367.017696922401,58.496440865225,2742.68752498329,818.164349556084,587.279145928913,2159.57451202418
20-Sep-2015 14:24:00,101,46.4144347394137,-27.39612,151.44797,364.274459826044,57.9860453659693,2718.75691744698,814.97837539729,584.745763542085,2159.57451202418
20-Sep-2015 14:25:00,101,44.7311014060804,-27.39525,151.43197,361.400076389501,57.4745327064597,2694.77393028815,811.738398746178,582.169880902284,2159.57451202418
20-Sep-2015 14:26:00,101,43.047768072747,-27.3940392562647,151.414372673506,359.611084381642,56.9619064336433,2670.73872981037,808.508708914136,579.602622598599,2159.57451202418
20-Sep-2015 14:27:00,101,41.3644347394137,-27.39349,151.39727,359.052621870032,56.4481568887276,2646.65086314764,805.251006752221,577.013552335412,2159.57451202418
20-Sep-2015 14:28:00,101,39.6811014060804,-27.3932534473791,151.381346690316,357.326766661829,55.933272202701,2622.50977380472,801.958882204652,574.397592736833,2159.57451202418
20-Sep-2015 14:29:00,101,37.997768072747,-27.3929857353729,151.363283409942,355.449160380585,55.4172577808174,2598.31571521452,798.68243391897,571.794560710937,2159.57451202418
20-Sep-2015 14:30:00,101,36.3144347394137,-27.39276,151.34685,354.373328805431,54.9001004514829,2574.06806980841,795.367785512311,569.16166217613,2159.57451202418
20-Sep-2015 14:31:00,101,34.6311014060803,-27.3922205337253,151.329199591651,351.484002296863,54.3818021224853,2549.7669270357,792.058670052437,566.533646571799,2159.57451202418
20-Sep-2015 14:32:00,101,32.947768072747,-27.39135,151.31187,349.096892948064,53.8623572327374,2525.41202615702,788.73342638466,563.893317761476,2159.57451202418
20-Sep-2015 14:33:00,101,31.2644347394137,-27.38982,151.29596,347.388185147043,53.3417557717453,2501.00289781636,785.379150385391,561.230444063578,2159.57451202418
20-Sep-2015 14:34:00,101,29.5811014060803,-27.38701,151.27789,346.585575113945,52.8200074518364,2476.53999738978,782.053041978426,558.590439645799,2159.57451202418
20-Sep-2015 14:35:00,101,27.897768072747,-27.38754,151.27953,346.53039712439,52.2969980798834,2452.01797077265,778.395751840606,555.688158048875,2159.57451202418
20-Sep-2015 14:36:00,101,26.2144347394137,-27.38957,151.2941,347.388185147043,51.7726521287796,2427.43327677081,774.519418766418,552.612732466035,2159.57451202418
20-Sep-2015 14:37:00,101,24.5311014060803,-27.39135,151.31187,349.096892948064,51.2469479165347,2402.78489879381,770.580203808059,549.488141384868,2159.57451202418
20-Sep-2015 14:38:00,101,22.847768072747,-27.3922205337253,151.329199591651,351.484002296863,50.7198841069512,2378.07277419216,766.637113622863,546.361215103835,2159.57451202418
20-Sep-2015 14:39:00,101,21.1644347394137,-27.39276,151.34685,354.373328805431,50.1914537527491,2353.2965772329,762.67387500812,543.219063412507,2159.57451202418
20-Sep-2015 14:40:00,101,19.4811014060803,-27.3929857353729,151.363283409942,355.449160380585,49.6616577621659,2328.45635050002,758.713270454502,540.079761866887,2159.57451202418
20-Sep-2015 14:41:00,101,17.797768072747,-27.39323,151.37956,356.278500877924,49.1304906883979,2303.5518386125,754.736869136584,536.928713653888,2159.57451202418
20-Sep-2015 14:42:00,101,16.1144347394136,-27.39349,151.39727,359.052621870032,48.5979389044886,2278.58240265141,750.720947060225,533.747143773081,2159.57451202418
20-Sep-2015 14:43:00,101,14.4311014060803,-27.3940392562647,151.414372673506,359.611084381642,48.0639985401121,2253.54786115111,746.69380030484,530.557493420428,2159.57451202418
20-Sep-2015 14:44:00,101,12.747768072747,-27.39525,151.43197,361.400076389501,47.5286589566283,2228.44771530406,742.635799474439,527.344237277844,2159.57451202418
20-Sep-2015 14:45:00,101,11.0644347394136,-27.39618,151.44917,364.706416703065,46.9919170200025,2203.28181816664,738.568709349221,524.124631085668,2159.57451202418
20-Sep-2015 14:46:00,101,9.38110140608029,-27.39689,151.46492,367.228083310666,46.453775030302,2178.05027758075,734.508289855622,520.91116107686,2159.57451202418
20-Sep-2015 14:47:00,101,7.69776807274695,-27.39769,151.48294,369.129032341066,45.9142148097406,2152.75224125542,730.395151333761,517.656850018541,2159.57451202418
20-Sep-2015 14:48:00,101,6.01443473941362,-27.39846,151.49968,371.651302240394,45.3732373115472,2127.38775388413,726.28477735686,514.405622720582,2159.57451202418
20-Sep-2015 14:49:00,101,4.33110140608028,-27.39918,151.51578,371.243361014841,44.8308402571723,2101.95670863388,722.167795153467,511.150077166493,2159.57451202418
20-Sep-2015 14:50:00,101,2.64776807274694,-27.39995,151.53354,374.427070682989,44.2870088325863,2076.45841092817,718.007849454581,507.861492328351,2159.57451202418
20-Sep-2015 14:51:00,101,0.964434739413605,-27.39864,151.55035,378.447081906874,43.7417483195553,2050.89310841,713.863221879521,504.585962219962,2159.57451202418
20-Sep-2015 14:52:00,0,0,-27.39791,151.55953,379.965845627787,43.7417483195553,2050.89310841,0,501.388873409732,0
